id,category,confidence
524,Others,9
2822,Others,9
3993,Others,9
4926,Others,9
2859,Others,9
2473,SE for FM/LLM/GenAI,8
1206,Others,9
240,Others,9
6237,Others,9
2142,SE for FM/LLM/GenAI,8
4565,SE for FM/LLM/GenAI,8
3345,Others,9
4398,Others,9
1915,Others,9
5073,Others,9
7117,Others,9
7022,FM/LLM/GenAI for SE,9
3388,Others,9
4347,Others,9
4360,Others,9
2885,Others,9
3456,SE for FM/LLM/GenAI,9
4503,Others,9
3213,SE for FM/LLM/GenAI,8
3073,Others,9
3570,FM/LLM/GenAI for SE,9
2973,Others,9
4698,Others,9
6526,Others,9
4434,Others,9
6719,Others,9
3491,Others,9
3369,Others,9
502,SE for FM/LLM/GenAI,8
6475,Others,9
314,Others,9
548,SE for FM/LLM/GenAI,8
445,Others,9
3357,FM/LLM/GenAI for SE,9
957,Others,9
6147,Others,9
996,Others,9
5476,Others,9
1470,Others,9
3059,Others,9
4193,FM/LLM/GenAI for SE,8
71,Others,9
4522,SE for FM/LLM/GenAI,9
4865,Others,9
5460,Others,9
4137,Others,9
2583,SE for FM/LLM/GenAI,9
5139,Others,9
5358,Others,9
6194,Others,9
6464,SE for FM/LLM/GenAI,7
3971,Others,9
2032,SE for FM/LLM/GenAI,8
1659,SE for FM/LLM/GenAI,9
3585,Others,9
3635,SE for FM/LLM/GenAI,8
2013,SE for FM/LLM/GenAI,9
256,Others,9
2720,Others,9
3488,Others,9
590,Others,9
633,SE for FM/LLM/GenAI,9
3115,Others,9
3405,FM/LLM/GenAI for SE,9
1174,SE for FM/LLM/GenAI,8
4171,Others,9
582,Others,9
4010,Others,9
6915,Others,9
513,Others,9
423,Others,8
5838,Others,9
4418,SE for FM/LLM/GenAI,8
4971,Others,9
1647,Others,9
5345,Others,9
3476,Others,9
4421,SE for FM/LLM/GenAI,8
3998,Others,9
5576,Others,9
4574,SE for FM/LLM/GenAI,8
3785,Others,9
113,SE for FM/LLM/GenAI,9
6502,Others,9
6428,Others,9
3081,Others,9
3685,FM/LLM/GenAI for SE,9
6277,FM/LLM/GenAI for SE,9
1677,Others,9
2932,FM/LLM/GenAI for SE,9
5792,SE for FM/LLM/GenAI,8
922,FM/LLM/GenAI for SE,9
1146,SE for FM/LLM/GenAI,9
833,FM/LLM/GenAI for SE,9
6817,Others,9
3421,Others,9
4588,Others,9
6292,Others,9
224,Others,9
6422,Others,9
3574,Others,9
449,SE for FM/LLM/GenAI,8
114,SE for FM/LLM/GenAI,8
6638,Others,9
2701,Others,9
1263,FM/LLM/GenAI for SE,9
6538,Others,9
1179,SE for FM/LLM/GenAI,8
6540,Others,9
497,Others,9
1725,Others,9
5264,Others,9
3018,Others,9
1078,Others,8
3179,Others,9
804,SE for FM/LLM/GenAI,8
6597,SE for FM/LLM/GenAI,8
3762,Others,9
3890,Others,9
5409,Others,9
6552,SE for FM/LLM/GenAI,8
4987,Others,9
6545,Others,9
124,SE for FM/LLM/GenAI,8
6942,Others,9
2757,Others,9
1727,Others,9
4838,Others,9
612,Others,9
204,SE for FM/LLM/GenAI,9
4886,Others,9
6900,Others,9
301,Others,9
4252,Others,9
1636,Others,9
5385,Others,9
6921,Others,9
127,FM/LLM/GenAI for SE,8
3004,Others,9
1658,SE for FM/LLM/GenAI,8
6573,Others,9
141,SE for FM/LLM/GenAI,8
5119,Others,9
3142,Others,9
1408,Others,9
96,Others,9
2463,SE for FM/LLM/GenAI,8
745,SE for FM/LLM/GenAI,8
4704,Others,9
3264,Others,9
6615,Others,9
5666,FM/LLM/GenAI for SE,8
3814,Others,9
4342,Others,9
3260,Others,9
6718,Others,9
4790,Others,9
6878,Others,9
173,SE for FM/LLM/GenAI,8
3892,Others,9
863,SE for FM/LLM/GenAI,9
6988,Others,9
1805,Others,9
1832,SE for FM/LLM/GenAI,8
2532,SE for FM/LLM/GenAI,9
2603,Others,9
5893,Others,9
6621,Others,9
1032,Others,9
3565,Others,9
6769,Others,9
5194,Others,9
3554,Others,9
4187,Others,9
3944,Others,9
1317,SE for FM/LLM/GenAI,8
1596,Others,9
7019,Others,9
6427,Others,9
6323,Others,9
3522,Others,9
4368,Others,9
895,SE for FM/LLM/GenAI,9
5238,Others,9
6119,SE for FM/LLM/GenAI,8
6602,Others,9
1021,Others,9
3247,Others,9
6888,Others,9
5047,Others,9
53,Others,9
6560,Others,9
5598,Others,9
1156,SE for FM/LLM/GenAI,8
1218,Others,9
6337,Others,9
3211,Others,9
1856,Others,9
2184,SE for FM/LLM/GenAI,8
3763,SE for FM/LLM/GenAI,8
585,Others,9
4232,Others,9
2816,Others,10
3606,SE for FM/LLM/GenAI,8
650,SE for FM/LLM/GenAI,8
4262,Others,9
4932,Others,9
2366,Others,9
6288,Others,9
1574,Others,9
2796,Others,9
3666,Others,9
6799,Others,9
526,Others,9
3183,Others,9
6745,Others,10
4894,Others,9
5164,Others,9
3928,SE for FM/LLM/GenAI,9
1277,FM/LLM/GenAI for SE,9
3218,Others,9
4272,SE for FM/LLM/GenAI,9
1377,SE for FM/LLM/GenAI,9
5767,Others,9
2891,Others,9
5796,Others,9
3630,Others,9
6150,SE for FM/LLM/GenAI,9
5708,Others,9
2789,Others,9
1833,SE for FM/LLM/GenAI,8
4332,SE for FM/LLM/GenAI,9
2966,Others,9
2728,Others,9
6315,Others,9
1479,Others,9
1824,SE for FM/LLM/GenAI,8
263,Others,9
6479,Others,9
7057,SE for FM/LLM/GenAI,9
2873,SE for FM/LLM/GenAI,9
4550,Others,9
105,SE for FM/LLM/GenAI,8
1402,SE for FM/LLM/GenAI,8
5977,Others,9
4014,Others,9
6342,Others,8
3248,Others,9
4592,Others,9
3700,Others,9
4318,Others,9
123,SE for FM/LLM/GenAI,9
3132,SE for FM/LLM/GenAI,8
7043,Others,9
5190,Others,9
624,SE for FM/LLM/GenAI,8
2050,SE for FM/LLM/GenAI,8
2692,Others,9
2921,Others,9
6434,Others,9
3323,Others,9
4784,Others,9
3669,SE for FM/LLM/GenAI,9
2042,Others,9
218,Others,8
5649,Others,9
1321,FM/LLM/GenAI for SE,9
5310,FM/LLM/GenAI for SE,9
3423,SE for FM/LLM/GenAI,8
6412,Others,8
2531,SE for FM/LLM/GenAI,9
6842,Others,9
3657,Others,9
6814,Others,9
6609,SE for FM/LLM/GenAI,8
4615,Others,9
4019,SE for FM/LLM/GenAI,9
6524,Others,9
539,FM/LLM/GenAI for SE,8
6747,Others,9
7036,SE for FM/LLM/GenAI,8
4691,Others,9
302,Others,9
7085,Others,9
6431,Others,9
4849,Others,9
6210,Others,9
134,SE for FM/LLM/GenAI,9
2776,Others,9
897,FM/LLM/GenAI for SE,9
6593,Others,9
1416,Others,8
498,Others,9
481,SE for FM/LLM/GenAI,8
6611,Others,9
1755,Others,8
6390,Others,9
4336,Others,9
4439,SE for FM/LLM/GenAI,8
3668,FM/LLM/GenAI for SE,9
419,FM/LLM/GenAI for SE,8
5102,Others,9
1644,Others,9
22,SE for FM/LLM/GenAI,8
270,Others,9
64,SE for FM/LLM/GenAI,8
1128,FM/LLM/GenAI for SE,8
843,SE for FM/LLM/GenAI,8
6688,SE for FM/LLM/GenAI,9
3152,Others,9
5217,Others,9
4064,Others,9
6800,Others,9
47,SE for FM/LLM/GenAI,8
1756,SE for FM/LLM/GenAI,8
1298,SE for FM/LLM/GenAI,8
4872,Others,9
565,Others,9
1711,Others,9
5573,Others,9
3135,Others,9
2900,Others,9
3544,SE for FM/LLM/GenAI,9
6329,Others,9
2156,Others,9
6544,Others,9
6332,SE for FM/LLM/GenAI,8
4514,Others,9
3230,Others,9
5591,Others,9
6729,Others,9
3474,Others,9
1762,SE for FM/LLM/GenAI,8
1180,FM/LLM/GenAI for SE,9
4760,Others,9
917,Others,9
2370,SE for FM/LLM/GenAI,9
3598,SE for FM/LLM/GenAI,9
4836,Others,9
1306,FM/LLM/GenAI for SE,9
6481,Others,9
131,SE for FM/LLM/GenAI,8
637,SE for FM/LLM/GenAI,9
4560,Others,9
1074,FM/LLM/GenAI for SE,8
1313,FM/LLM/GenAI for SE,9
704,SE for FM/LLM/GenAI,8
490,SE for FM/LLM/GenAI,8
1592,Others,9
5962,Others,9
2163,SE for FM/LLM/GenAI,9
742,FM/LLM/GenAI for SE,8
4630,Others,9
2518,Others,9
3617,Others,9
3910,Others,9
496,SE for FM/LLM/GenAI,8
2686,Others,9
4866,Others,9
488,SE for FM/LLM/GenAI,8
1729,Others,9
2792,Others,9
669,FM/LLM/GenAI for SE,8
3466,Others,9
4081,Others,9
1632,Others,9
1061,Others,9
5561,Others,9
6135,Others,9
5351,Others,9
3306,SE for FM/LLM/GenAI,9
5308,SE for FM/LLM/GenAI,9
4610,Others,9
1496,Others,9
3083,SE for FM/LLM/GenAI,8
6197,Others,9
6555,Others,9
3303,Others,9
7101,SE for FM/LLM/GenAI,8
1557,Others,9
6666,SE for FM/LLM/GenAI,8
4752,Others,9
2955,Others,9
621,SE for FM/LLM/GenAI,9
98,SE for FM/LLM/GenAI,8
2150,SE for FM/LLM/GenAI,9
1067,Others,9
3777,Others,9
1296,Others,9
6443,SE for FM/LLM/GenAI,8
4800,Others,9
6981,Others,9
1853,Others,9
7,SE for FM/LLM/GenAI,9
5414,Others,9
3985,Others,9
3706,Others,9
4675,Others,9
1969,Others,9
2772,Others,9
6509,Others,9
2092,SE for FM/LLM/GenAI,8
2544,SE for FM/LLM/GenAI,9
381,FM/LLM/GenAI for SE,8
6534,SE for FM/LLM/GenAI,9
1229,Others,9
2015,Others,9
1103,FM/LLM/GenAI for SE,9
3682,Others,9
2997,Others,9
2391,SE for FM/LLM/GenAI,8
4779,Others,9
4606,Others,9
3237,Others,9
7081,Others,9
4069,FM/LLM/GenAI for SE,9
6580,Others,9
2188,Others,9
4877,Others,9
2977,Others,9
914,SE for FM/LLM/GenAI,9
5145,Others,9
2401,SE for FM/LLM/GenAI,9
4757,Others,9
5229,Others,9
1663,Others,9
4671,Others,9
5497,Others,9
2442,SE for FM/LLM/GenAI,9
3098,Others,9
5108,Others,8
950,Others,9
4217,SE for FM/LLM/GenAI,9
2451,SE for FM/LLM/GenAI,9
4970,Others,9
203,SE for FM/LLM/GenAI,9
2062,Others,9
551,Others,9
7083,Others,9
3096,SE for FM/LLM/GenAI,8
1042,Others,9
351,SE for FM/LLM/GenAI,9
4306,Others,9
6515,Others,9
4622,SE for FM/LLM/GenAI,9
586,Others,9
175,SE for FM/LLM/GenAI,9
6665,Others,9
6777,Others,10
567,Others,9
5168,Others,9
6897,Others,10
2868,Others,9
2005,Others,9
454,SE for FM/LLM/GenAI,8
5300,Others,9
4230,Others,9
3642,Others,9
6803,Others,10
1096,SE for FM/LLM/GenAI,9
3820,Others,9
6671,SE for FM/LLM/GenAI,8
4950,Others,9
440,SE for FM/LLM/GenAI,8
3033,SE for FM/LLM/GenAI,9
3878,SE for FM/LLM/GenAI,9
2854,Others,9
1676,Others,9
517,SE for FM/LLM/GenAI,9
4448,Others,9
115,SE for FM/LLM/GenAI,9
3755,Others,9
2459,SE for FM/LLM/GenAI,8
4005,Others,9
6761,Others,9
3670,SE for FM/LLM/GenAI,9
1285,SE for FM/LLM/GenAI,8
3722,Others,9
6972,Others,9
6306,Others,9
3658,Others,9
2246,Others,8
2551,Others,9
3046,Others,9
1330,FM/LLM/GenAI for SE,9
3886,Others,9
2496,SE for FM/LLM/GenAI,9
6415,Others,9
6485,SE for FM/LLM/GenAI,8
1879,SE for FM/LLM/GenAI,9
479,Others,9
3385,Others,9
664,SE for FM/LLM/GenAI,8
6818,Others,9
2981,SE for FM/LLM/GenAI,9
3665,Others,9
5490,Others,9
6794,Others,9
828,SE for FM/LLM/GenAI,9
1600,Others,10
3599,FM/LLM/GenAI for SE,8
6819,Others,9
5177,Others,9
5815,SE for FM/LLM/GenAI,8
2620,SE for FM/LLM/GenAI,8
3290,Others,9
6500,Others,9
7071,Others,9
6367,Others,9
281,Others,9
1149,Others,8
2537,FM/LLM/GenAI for SE,8
4308,Others,9
855,Others,9
1039,Others,9
142,SE for FM/LLM/GenAI,9
5127,FM/LLM/GenAI for SE,9
531,Others,9
4093,Others,9
3870,SE for FM/LLM/GenAI,9
2767,Others,9
3874,Others,9
4355,SE for FM/LLM/GenAI,8
5664,Others,9
3207,SE for FM/LLM/GenAI,9
5765,Others,9
1941,Others,9
1991,SE for FM/LLM/GenAI,8
6384,Others,9
4162,Others,9
527,Others,9
2023,Others,9
2975,Others,9
1293,SE for FM/LLM/GenAI,8
1170,SE for FM/LLM/GenAI,9
6838,Others,9
1754,SE for FM/LLM/GenAI,8
6369,Others,9
5213,Others,9
205,SE for FM/LLM/GenAI,8
6651,Others,9
6065,Others,9
6019,Others,9
265,Others,9
4082,Others,9
4994,Others,9
278,Others,9
6523,SE for FM/LLM/GenAI,8
5046,Others,9
3834,Others,9
4190,SE for FM/LLM/GenAI,8
2689,SE for FM/LLM/GenAI,8
3461,Others,9
4018,Others,9
478,Others,9
2948,SE for FM/LLM/GenAI,8
4624,Others,9
6425,Others,9
6677,Others,9
769,FM/LLM/GenAI for SE,9
835,FM/LLM/GenAI for SE,9
1006,Others,9
2785,SE for FM/LLM/GenAI,8
994,Others,9
4235,Others,9
1648,Others,9
6561,SE for FM/LLM/GenAI,8
4055,SE for FM/LLM/GenAI,8
6251,Others,9
2409,SE for FM/LLM/GenAI,9
3951,Others,9
2901,Others,9
292,Others,9
638,SE for FM/LLM/GenAI,9
902,Others,9
148,SE for FM/LLM/GenAI,8
5698,Others,9
5853,Others,9
2247,SE for FM/LLM/GenAI,9
2395,SE for FM/LLM/GenAI,9
4655,Others,9
225,Others,9
912,Others,9
4870,Others,9
7032,SE for FM/LLM/GenAI,8
870,FM/LLM/GenAI for SE,9
4679,SE for FM/LLM/GenAI,9
4075,SE for FM/LLM/GenAI,8
5287,SE for FM/LLM/GenAI,8
3492,Others,9
5800,Others,9
5969,Others,9
2958,Others,9
1131,Others,8
6141,Others,9
3436,SE for FM/LLM/GenAI,9
109,SE for FM/LLM/GenAI,8
6229,Others,9
3106,Others,9
1965,SE for FM/LLM/GenAI,9
1075,FM/LLM/GenAI for SE,8
4037,Others,9
1304,Others,9
714,Others,8
2654,SE for FM/LLM/GenAI,9
5922,Others,9
7102,Others,9
444,SE for FM/LLM/GenAI,9
110,FM/LLM/GenAI for SE,8
6902,Others,10
7007,Others,9
356,FM/LLM/GenAI for SE,9
6401,Others,9
5493,Others,9
6630,Others,9
632,FM/LLM/GenAI for SE,9
1916,SE for FM/LLM/GenAI,8
4141,Others,9
3235,Others,9
1497,Others,9
3548,SE for FM/LLM/GenAI,9
2842,Others,9
4909,Others,9
4309,Others,9
4733,Others,9
5711,Others,9
342,SE for FM/LLM/GenAI,8
6965,Others,9
4207,SE for FM/LLM/GenAI,9
6786,Others,9
5522,Others,8
4974,Others,9
1631,Others,9
4769,Others,9
6365,Others,9
4696,Others,9
7038,SE for FM/LLM/GenAI,8
4115,Others,9
3396,Others,9
5613,SE for FM/LLM/GenAI,9
1855,SE for FM/LLM/GenAI,8
5498,Others,9
398,SE for FM/LLM/GenAI,8
3705,Others,9
499,SE for FM/LLM/GenAI,8
2696,Others,9
6501,Others,9
1289,FM/LLM/GenAI for SE,8
3702,SE for FM/LLM/GenAI,9
2999,SE for FM/LLM/GenAI,9
6165,SE for FM/LLM/GenAI,8
3882,Others,9
57,SE for FM/LLM/GenAI,8
3349,Others,9
1051,SE for FM/LLM/GenAI,8
6474,Others,9
4189,Others,9
3587,Others,9
4483,Others,9
6695,SE for FM/LLM/GenAI,8
3601,FM/LLM/GenAI for SE,9
31,SE for FM/LLM/GenAI,8
6492,SE for FM/LLM/GenAI,9
5383,Others,9
2715,Others,9
3840,Others,9
6754,Others,9
3084,SE for FM/LLM/GenAI,8
4468,Others,9
1071,SE for FM/LLM/GenAI,8
3400,SE for FM/LLM/GenAI,9
3524,Others,9
6477,SE for FM/LLM/GenAI,8
6539,Others,9
1351,SE for FM/LLM/GenAI,9
1126,Others,9
4922,Others,9
1337,FM/LLM/GenAI for SE,9
6498,FM/LLM/GenAI for SE,8
6731,Others,9
4248,Others,9
4367,SE for FM/LLM/GenAI,9
2349,SE for FM/LLM/GenAI,8
6834,Others,9
219,Others,9
4414,Others,9
3991,Others,9
4949,Others,9
6451,Others,9
3453,Others,9
3939,Others,9
1857,Others,9
4918,Others,9
61,SE for FM/LLM/GenAI,8
4712,Others,9
4239,Others,9
6578,Others,9
5744,Others,9
3731,Others,9
1245,FM/LLM/GenAI for SE,8
927,SE for FM/LLM/GenAI,8
5762,Others,9
6355,SE for FM/LLM/GenAI,8
7068,SE for FM/LLM/GenAI,8
5261,Others,9
4176,Others,9
1273,Others,9
3807,Others,9
6309,SE for FM/LLM/GenAI,8
6392,Others,9
276,Others,9
157,FM/LLM/GenAI for SE,9
6487,Others,9
487,SE for FM/LLM/GenAI,8
5167,Others,9
4062,Others,9
569,Others,9
74,SE for FM/LLM/GenAI,8
5973,Others,9
151,SE for FM/LLM/GenAI,8
3181,Others,9
212,Others,8
4556,Others,9
1797,SE for FM/LLM/GenAI,8
7047,SE for FM/LLM/GenAI,8
1635,Others,9
128,SE for FM/LLM/GenAI,9
4462,Others,9
9,FM/LLM/GenAI for SE,8
6343,Others,9
2575,FM/LLM/GenAI for SE,8
5373,Others,9
2928,Others,9
6328,Others,9
2178,SE for FM/LLM/GenAI,8
456,SE for FM/LLM/GenAI,9
1621,Others,9
2393,FM/LLM/GenAI for SE,8
6463,Others,9
3487,Others,9
3846,Others,9
4737,SE for FM/LLM/GenAI,8
818,Others,9
1342,FM/LLM/GenAI for SE,7
4525,SE for FM/LLM/GenAI,8
6845,Others,9
6519,SE for FM/LLM/GenAI,9
3556,Others,9
2706,Others,9
3267,Others,9
3383,Others,9
6406,Others,9
1585,Others,9
73,SE for FM/LLM/GenAI,8
6585,FM/LLM/GenAI for SE,9
5321,FM/LLM/GenAI for SE,9
2162,SE for FM/LLM/GenAI,8
4175,Others,9
7086,Others,9
45,SE for FM/LLM/GenAI,8
3340,Others,9
1369,FM/LLM/GenAI for SE,8
3229,Others,9
4437,Others,9
1183,Others,9
2557,Others,9
3217,Others,9
5257,Others,9
3967,Others,9
307,SE for FM/LLM/GenAI,8
2782,Others,9
4238,Others,9
4359,SE for FM/LLM/GenAI,8
5702,SE for FM/LLM/GenAI,8
1024,SE for FM/LLM/GenAI,8
430,SE for FM/LLM/GenAI,9
3934,Others,9
3239,Others,9
2511,SE for FM/LLM/GenAI,9
2838,Others,9
576,Others,9
5572,Others,9
6347,Others,9
2301,SE for FM/LLM/GenAI,8
3760,Others,9
3571,SE for FM/LLM/GenAI,9
5188,Others,9
1997,SE for FM/LLM/GenAI,8
1175,Others,9
5625,FM/LLM/GenAI for SE,9
3066,Others,9
921,SE for FM/LLM/GenAI,8
6098,Others,9
6375,Others,9
6299,Others,9
1573,Others,9
2243,Others,9
5412,Others,9
3633,Others,9
2577,FM/LLM/GenAI for SE,8
4008,Others,9
6550,Others,9
4567,Others,9
3949,Others,9
6634,SE for FM/LLM/GenAI,8
4285,Others,9
1169,SE for FM/LLM/GenAI,8
737,SE for FM/LLM/GenAI,8
4659,Others,9
3861,Others,9
4855,SE for FM/LLM/GenAI,8
6188,Others,9
5808,Others,9
4730,Others,9
1705,Others,9
1185,Others,9
207,SE for FM/LLM/GenAI,8
6893,Others,9
375,FM/LLM/GenAI for SE,9
1793,Others,8
1706,Others,9
1717,Others,9
1680,Others,9
1598,Others,9
2275,Others,9
4621,Others,9
972,Others,9
2867,Others,9
1235,Others,9
2812,Others,9
4593,Others,9
1870,SE for FM/LLM/GenAI,9
2680,SE for FM/LLM/GenAI,9
428,Others,9
2071,SE for FM/LLM/GenAI,9
5124,Others,9
388,FM/LLM/GenAI for SE,8
4188,Others,9
6529,Others,9
299,Others,9
211,SE for FM/LLM/GenAI,9
4931,Others,9
3410,Others,9
535,Others,9
1236,Others,9
6310,Others,9
5024,Others,9
3413,Others,9
5511,SE for FM/LLM/GenAI,9
6408,Others,9
6906,Others,10
6840,Others,9
3254,Others,9
3577,Others,9
2918,Others,9
3691,Others,9
4071,FM/LLM/GenAI for SE,8
390,SE for FM/LLM/GenAI,8
6933,Others,9
2191,Others,9
2940,Others,9
6650,Others,9
4340,Others,9
5530,Others,9
1922,SE for FM/LLM/GenAI,8
1601,Others,9
1653,FM/LLM/GenAI for SE,9
6828,Others,9
3535,Others,9
1314,SE for FM/LLM/GenAI,9
3037,Others,9
5709,Others,9
6111,Others,9
6261,Others,9
4910,Others,9
4839,Others,9
1650,Others,9
6927,Others,9
3943,SE for FM/LLM/GenAI,8
1284,FM/LLM/GenAI for SE,8
4210,SE for FM/LLM/GenAI,9
2862,Others,9
1809,SE for FM/LLM/GenAI,8
184,SE for FM/LLM/GenAI,8
4459,Others,9
6804,SE for FM/LLM/GenAI,8
4099,Others,9
2281,SE for FM/LLM/GenAI,8
4494,Others,9
3773,Others,9
3564,Others,8
4706,Others,9
4791,Others,9
1336,SE for FM/LLM/GenAI,8
6982,Others,9
3511,Others,9
6317,Others,9
99,SE for FM/LLM/GenAI,8
4549,Others,9
4694,Others,9
7078,SE for FM/LLM/GenAI,9
5622,FM/LLM/GenAI for SE,8
5098,Others,9
1178,Others,8
6228,Others,9
1590,Others,9
29,SE for FM/LLM/GenAI,8
1007,Others,9
544,Others,9
1562,Others,9
1933,Others,9
3431,Others,9
6262,Others,9
129,SE for FM/LLM/GenAI,8
1141,Others,9
4842,FM/LLM/GenAI for SE,9
2905,Others,9
3932,Others,9
154,SE for FM/LLM/GenAI,8
5856,Others,9
3973,Others,9
6620,SE for FM/LLM/GenAI,8
1686,Others,9
1745,SE for FM/LLM/GenAI,9
2143,SE for FM/LLM/GenAI,8
6586,FM/LLM/GenAI for SE,8
3769,Others,9
1834,Others,9
1191,Others,8
4031,Others,9
243,Others,9
254,Others,9
3513,Others,9
1154,SE for FM/LLM/GenAI,8
4803,SE for FM/LLM/GenAI,9
460,Others,9
1583,Others,9
5465,FM/LLM/GenAI for SE,9
2926,Others,9
1769,SE for FM/LLM/GenAI,8
1911,Others,9
7105,Others,9
4991,Others,9
4419,Others,9
2760,Others,9
831,FM/LLM/GenAI for SE,9
165,SE for FM/LLM/GenAI,8
6914,Others,9
4208,Others,9
5659,Others,9
3032,SE for FM/LLM/GenAI,8
1346,SE for FM/LLM/GenAI,8
2250,Others,9
4797,Others,9
164,SE for FM/LLM/GenAI,9
4045,Others,9
1565,Others,9
3212,SE for FM/LLM/GenAI,9
3895,SE for FM/LLM/GenAI,9
5482,Others,9
1129,SE for FM/LLM/GenAI,8
1551,FM/LLM/GenAI for SE,9
566,Others,9
1771,Others,9
3827,Others,9
6246,FM/LLM/GenAI for SE,8
2227,SE for FM/LLM/GenAI,8
1370,SE for FM/LLM/GenAI,9
247,Others,9
6887,Others,10
1105,Others,8
2476,Others,9
4935,SE for FM/LLM/GenAI,9
7002,Others,9
5239,FM/LLM/GenAI for SE,8
6535,Others,9
4051,Others,9
6712,Others,9
3062,Others,9
1091,SE for FM/LLM/GenAI,8
1737,SE for FM/LLM/GenAI,9
2888,Others,9
2951,SE for FM/LLM/GenAI,9
378,SE for FM/LLM/GenAI,9
5235,Others,9
2341,SE for FM/LLM/GenAI,8
5114,Others,9
7051,SE for FM/LLM/GenAI,8
2082,SE for FM/LLM/GenAI,8
5937,Others,9
1089,SE for FM/LLM/GenAI,8
4389,Others,9
6186,Others,8
1440,Others,9
6456,Others,9
1778,Others,9
5050,Others,9
6316,Others,9
1095,Others,9
4534,FM/LLM/GenAI for SE,9
6590,SE for FM/LLM/GenAI,8
361,FM/LLM/GenAI for SE,8
6172,Others,9
5359,Others,9
1876,SE for FM/LLM/GenAI,8
6791,Others,9
3797,Others,9
2584,SE for FM/LLM/GenAI,9
4076,Others,9
6438,Others,9
2438,SE for FM/LLM/GenAI,8
1301,SE for FM/LLM/GenAI,8
5602,Others,9
3138,SE for FM/LLM/GenAI,9
4393,Others,9
4792,Others,9
1015,Others,9
1387,FM/LLM/GenAI for SE,8
5897,SE for FM/LLM/GenAI,8
4260,Others,9
7107,Others,9
968,SE for FM/LLM/GenAI,8
3723,Others,9
451,Others,9
711,Others,9
6566,Others,8
233,SE for FM/LLM/GenAI,8
3164,Others,9
2367,SE for FM/LLM/GenAI,9
3006,Others,9
4660,SE for FM/LLM/GenAI,9
3738,Others,9
3990,Others,9
5825,FM/LLM/GenAI for SE,8
1622,Others,9
2894,Others,9
4002,Others,9
6925,Others,10
4697,Others,9
4835,Others,9
3289,Others,9
287,Others,9
120,SE for FM/LLM/GenAI,8
1923,SE for FM/LLM/GenAI,8
1329,FM/LLM/GenAI for SE,8
3371,Others,9
6177,Others,9
2753,Others,9
4555,Others,9
1201,Others,9
6124,Others,9
3728,Others,9
2387,SE for FM/LLM/GenAI,9
5195,Others,9
369,FM/LLM/GenAI for SE,9
6000,FM/LLM/GenAI for SE,8
4370,Others,9
3774,Others,9
1787,SE for FM/LLM/GenAI,8
4276,Others,9
65,SE for FM/LLM/GenAI,8
1437,SE for FM/LLM/GenAI,9
4080,Others,9
6087,Others,9
92,SE for FM/LLM/GenAI,8
5495,Others,9
3721,Others,9
759,FM/LLM/GenAI for SE,9
1261,SE for FM/LLM/GenAI,8
553,Others,9
6889,Others,9
3468,Others,9
3185,Others,9
4591,Others,9
4529,Others,9
6273,Others,9
2931,Others,9
4451,Others,9
3305,Others,9
192,FM/LLM/GenAI for SE,8
689,SE for FM/LLM/GenAI,8
592,Others,9
5717,Others,9
5398,Others,9
5837,Others,9
4518,SE for FM/LLM/GenAI,9
4307,Others,9
4478,Others,9
413,FM/LLM/GenAI for SE,8
3911,Others,9
4885,Others,9
3988,Others,9
3335,Others,9
6870,Others,10
4558,Others,9
1290,Others,9
1761,FM/LLM/GenAI for SE,8
1493,Others,9
4090,SE for FM/LLM/GenAI,9
362,SE for FM/LLM/GenAI,9
761,Others,9
6378,FM/LLM/GenAI for SE,9
6867,Others,9
3583,Others,9
3977,Others,9
4218,Others,9
3407,Others,9
945,SE for FM/LLM/GenAI,8
731,FM/LLM/GenAI for SE,9
4374,Others,9
4853,Others,9
2581,SE for FM/LLM/GenAI,8
6629,Others,9
4775,Others,9
3325,Others,9
2991,Others,9
1228,Others,9
396,FM/LLM/GenAI for SE,8
69,Others,9
6349,Others,9
6233,Others,9
309,SE for FM/LLM/GenAI,9
6654,Others,9
6912,Others,9
4718,Others,9
4832,Others,9
5714,SE for FM/LLM/GenAI,8
6841,Others,9
3563,Others,9
1246,FM/LLM/GenAI for SE,8
2571,SE for FM/LLM/GenAI,9
6536,Others,9
3238,Others,9
7040,Others,9
5418,FM/LLM/GenAI for SE,9
837,SE for FM/LLM/GenAI,8
6608,Others,9
6046,FM/LLM/GenAI for SE,9
4142,SE for FM/LLM/GenAI,8
4722,Others,9
709,FM/LLM/GenAI for SE,9
1719,Others,9
3887,Others,9
1014,Others,9
2836,SE for FM/LLM/GenAI,8
1047,SE for FM/LLM/GenAI,8
6286,Others,9
1679,Others,9
5141,Others,9
3698,SE for FM/LLM/GenAI,8
2025,Others,9
4445,Others,9
4504,Others,9
1227,Others,9
2096,Others,9
2234,Others,9
516,SE for FM/LLM/GenAI,9
3643,SE for FM/LLM/GenAI,8
2802,Others,9
807,SE for FM/LLM/GenAI,8
2844,Others,9
4012,FM/LLM/GenAI for SE,9
6859,Others,9
2801,Others,9
7075,Others,9
1818,Others,9
3162,Others,9
4034,Others,9
2633,SE for FM/LLM/GenAI,9
3572,SE for FM/LLM/GenAI,8
1043,Others,9
2292,Others,9
6983,Others,9
5171,Others,9
417,Others,9
49,Others,9
6483,Others,9
10,SE for FM/LLM/GenAI,8
223,Others,9
4345,Others,9
4479,Others,9
1822,Others,8
5931,Others,9
5835,Others,9
4053,SE for FM/LLM/GenAI,9
4995,Others,9
6619,Others,9
2735,Others,9
3804,Others,9
41,SE for FM/LLM/GenAI,8
5107,Others,9
1257,SE for FM/LLM/GenAI,8
5828,FM/LLM/GenAI for SE,9
6569,FM/LLM/GenAI for SE,8
1114,SE for FM/LLM/GenAI,8
4227,FM/LLM/GenAI for SE,9
3406,Others,9
5684,Others,9
6,SE for FM/LLM/GenAI,9
3324,Others,9
6417,Others,9
467,SE for FM/LLM/GenAI,9
6247,Others,9
6187,Others,9
2920,Others,9
6470,Others,9
226,Others,9
3961,Others,9
4685,Others,9
1788,Others,9
2744,Others,9
5146,FM/LLM/GenAI for SE,9
4871,SE for FM/LLM/GenAI,8
4723,SE for FM/LLM/GenAI,9
879,SE for FM/LLM/GenAI,8
7021,SE for FM/LLM/GenAI,9
1673,Others,9
905,SE for FM/LLM/GenAI,8
5028,Others,9
3023,Others,9
2507,SE for FM/LLM/GenAI,9
4827,Others,9
2255,SE for FM/LLM/GenAI,8
4919,Others,9
3869,Others,9
6720,Others,9
5207,Others,9
844,Others,9
1009,Others,9
799,Others,9
6218,Others,9
5712,Others,9
4200,SE for FM/LLM/GenAI,9
6123,Others,9
4119,Others,9
2290,Others,9
4379,Others,9
3054,Others,9
2414,SE for FM/LLM/GenAI,8
408,SE for FM/LLM/GenAI,9
5328,SE for FM/LLM/GenAI,9
1048,Others,8
2072,SE for FM/LLM/GenAI,8
1624,Others,9
3975,Others,9
2890,Others,9
3672,Others,9
3372,Others,9
6821,Others,9
5211,Others,9
2893,Others,9
6737,Others,9
6785,Others,9
3734,Others,9
437,SE for FM/LLM/GenAI,8
6026,SE for FM/LLM/GenAI,8
6751,Others,9
4196,SE for FM/LLM/GenAI,9
459,Others,9
1098,SE for FM/LLM/GenAI,8
4177,Others,9
471,Others,9
7005,Others,9
1242,Others,9
3751,SE for FM/LLM/GenAI,9
4990,Others,9
1085,SE for FM/LLM/GenAI,8
1220,Others,9
6447,Others,9
358,SE for FM/LLM/GenAI,9
1269,SE for FM/LLM/GenAI,9
5097,Others,9
1034,Others,9
1415,Others,9
5088,Others,9
6742,Others,9
5724,Others,9
1571,SE for FM/LLM/GenAI,8
3259,Others,9
4013,Others,9
5952,Others,9
28,SE for FM/LLM/GenAI,8
2684,Others,9
3743,Others,9
3395,Others,9
5826,Others,9
4257,Others,9
1124,FM/LLM/GenAI for SE,9
333,FM/LLM/GenAI for SE,9
3244,Others,9
1606,Others,9
4936,SE for FM/LLM/GenAI,8
4818,Others,9
6546,SE for FM/LLM/GenAI,9
1025,Others,9
6945,Others,10
743,SE for FM/LLM/GenAI,8
1593,Others,9
3150,Others,9
7100,SE for FM/LLM/GenAI,9
981,SE for FM/LLM/GenAI,8
452,SE for FM/LLM/GenAI,9
963,Others,9
3964,Others,9
4412,Others,9
942,SE for FM/LLM/GenAI,8
3086,FM/LLM/GenAI for SE,8
3986,SE for FM/LLM/GenAI,9
1033,Others,9
1699,Others,9
3232,Others,9
1844,SE for FM/LLM/GenAI,8
5043,Others,9
1620,Others,9
249,Others,9
532,FM/LLM/GenAI for SE,8
859,SE for FM/LLM/GenAI,8
534,Others,9
3764,Others,9
5798,Others,9
4884,Others,9
2882,Others,9
6863,Others,9
37,SE for FM/LLM/GenAI,8
1276,Others,9
306,SE for FM/LLM/GenAI,9
1173,SE for FM/LLM/GenAI,8
1307,SE for FM/LLM/GenAI,9
1637,Others,10
966,SE for FM/LLM/GenAI,8
1311,FM/LLM/GenAI for SE,8
6824,Others,10
6628,Others,9
4401,FM/LLM/GenAI for SE,9
5059,Others,9
2787,Others,9
18,SE for FM/LLM/GenAI,8
6592,Others,9
3091,Others,9
1612,Others,8
1569,Others,9
4243,Others,9
4515,SE for FM/LLM/GenAI,9
6169,Others,9
3444,Others,9
2456,FM/LLM/GenAI for SE,8
6013,Others,8
4708,Others,9
7053,FM/LLM/GenAI for SE,8
2222,SE for FM/LLM/GenAI,9
6178,Others,9
1827,Others,8
1481,Others,9
5036,Others,9
5795,Others,9
3398,SE for FM/LLM/GenAI,8
4353,Others,9
4003,Others,9
2131,SE for FM/LLM/GenAI,9
1281,SE for FM/LLM/GenAI,8
692,SE for FM/LLM/GenAI,8
3443,Others,9
6015,Others,9
3539,Others,9
6825,Others,9
880,SE for FM/LLM/GenAI,8
3028,Others,9
1398,SE for FM/LLM/GenAI,8
6346,Others,9
5404,Others,9
3188,Others,9
6750,Others,9
6074,SE for FM/LLM/GenAI,7
1678,Others,9
1811,SE for FM/LLM/GenAI,8
4562,SE for FM/LLM/GenAI,8
1924,Others,9
3596,Others,9
882,FM/LLM/GenAI for SE,8
1266,SE for FM/LLM/GenAI,8
2389,FM/LLM/GenAI for SE,9
3559,SE for FM/LLM/GenAI,8
6686,FM/LLM/GenAI for SE,8
867,Others,9
6969,Others,9
5318,SE for FM/LLM/GenAI,9
4250,Others,10
2431,SE for FM/LLM/GenAI,8
735,Others,9
2326,SE for FM/LLM/GenAI,9
688,FM/LLM/GenAI for SE,9
283,Others,9
1210,Others,9
2786,Others,9
4015,FM/LLM/GenAI for SE,8
4431,Others,9
3256,Others,9
1984,FM/LLM/GenAI for SE,8
1634,Others,10
871,SE for FM/LLM/GenAI,8
876,Others,9
6258,Others,9
4597,Others,9
3930,Others,9
4771,Others,9
4507,Others,9
6579,Others,9
3534,Others,9
5775,SE for FM/LLM/GenAI,8
5813,Others,9
1852,Others,9
3550,Others,9
6514,Others,9
2180,SE for FM/LLM/GenAI,8
7103,Others,9
4097,Others,9
4794,Others,9
3614,SE for FM/LLM/GenAI,8
1316,Others,9
4586,Others,9
5104,SE for FM/LLM/GenAI,8
2439,SE for FM/LLM/GenAI,9
1630,Others,9
6414,Others,9
834,FM/LLM/GenAI for SE,8
1638,Others,9
3284,Others,9
4044,Others,9
1338,Others,9
4891,Others,9
6698,Others,9
5303,SE for FM/LLM/GenAI,8
4027,Others,9
998,Others,9
194,SE for FM/LLM/GenAI,9
1588,Others,9
6472,Others,9
1397,SE for FM/LLM/GenAI,8
6248,Others,9
3000,Others,9
4573,SE for FM/LLM/GenAI,8
4354,Others,9
1973,SE for FM/LLM/GenAI,9
3849,FM/LLM/GenAI for SE,8
3415,Others,9
5399,Others,9
4805,SE for FM/LLM/GenAI,8
7082,Others,9
6625,SE for FM/LLM/GenAI,8
6395,Others,9
4183,Others,9
5458,Others,9
1134,SE for FM/LLM/GenAI,9
4178,Others,9
5116,Others,9
5508,Others,9
3649,SE for FM/LLM/GenAI,8
2118,SE for FM/LLM/GenAI,9
685,FM/LLM/GenAI for SE,8
15,SE for FM/LLM/GenAI,8
1687,Others,9
2279,Others,9
4221,Others,9
2047,SE for FM/LLM/GenAI,9
4400,Others,9
3796,SE for FM/LLM/GenAI,8
3566,Others,9
3865,Others,9
5764,Others,9
1152,Others,8
2467,SE for FM/LLM/GenAI,9
2980,Others,9
3344,Others,9
4452,Others,9
6637,Others,9
3110,Others,9
3448,Others,9
6391,Others,9
4758,SE for FM/LLM/GenAI,8
1260,FM/LLM/GenAI for SE,8
3172,Others,9
117,SE for FM/LLM/GenAI,9
6943,Others,9
4628,Others,9
93,SE for FM/LLM/GenAI,8
3825,SE for FM/LLM/GenAI,9
995,Others,9
6140,Others,9
3634,Others,9
3750,SE for FM/LLM/GenAI,9
6576,Others,9
913,SE for FM/LLM/GenAI,8
6279,Others,9
5268,Others,9
102,SE for FM/LLM/GenAI,8
6512,Others,9
1240,SE for FM/LLM/GenAI,8
1268,FM/LLM/GenAI for SE,8
4658,Others,9
861,SE for FM/LLM/GenAI,9
6296,Others,9
3960,Others,9
3841,SE for FM/LLM/GenAI,9
3328,Others,9
461,SE for FM/LLM/GenAI,8
1702,Others,9
2526,SE for FM/LLM/GenAI,9
3752,Others,9
32,SE for FM/LLM/GenAI,8
5408,Others,9
1693,Others,9
5741,FM/LLM/GenAI for SE,9
3772,Others,9
248,Others,9
6963,Others,9
2976,Others,9
7027,SE for FM/LLM/GenAI,8
4823,Others,9
2837,Others,9
765,Others,9
5641,Others,9
641,SE for FM/LLM/GenAI,9
2745,Others,9
1861,SE for FM/LLM/GenAI,9
5157,Others,9
3899,Others,9
5228,Others,9
5256,Others,9
1608,Others,9
962,Others,9
5355,Others,9
6984,Others,10
6128,Others,9
2417,Others,9
1040,Others,9
1716,Others,9
1046,SE for FM/LLM/GenAI,8
3662,Others,9
1723,Others,9
6776,Others,10
6243,Others,9
631,FM/LLM/GenAI for SE,8
3912,Others,9
525,Others,9
3070,Others,9
6264,Others,9
6311,FM/LLM/GenAI for SE,8
6966,Others,10
5368,Others,9
4795,Others,9
6207,Others,9
1966,Others,9
4561,Others,9
6758,Others,9
436,SE for FM/LLM/GenAI,8
5267,FM/LLM/GenAI for SE,9
1578,Others,9
2860,Others,9
916,SE for FM/LLM/GenAI,8
2091,SE for FM/LLM/GenAI,8
6064,Others,9
5206,Others,9
3784,Others,9
530,SE for FM/LLM/GenAI,8
873,FM/LLM/GenAI for SE,8
3914,Others,9
1022,Others,9
3822,Others,9
4222,Others,9
78,SE for FM/LLM/GenAI,8
562,Others,9
5564,Others,9
4902,Others,9
2907,Others,9
2703,Others,9
4050,Others,9
5120,Others,9
4727,Others,9
6521,Others,9
5181,SE for FM/LLM/GenAI,8
5938,Others,9
1232,Others,9
5986,Others,9
7031,SE for FM/LLM/GenAI,8
6073,SE for FM/LLM/GenAI,8
1247,SE for FM/LLM/GenAI,8
6648,Others,9
4559,SE for FM/LLM/GenAI,9
89,SE for FM/LLM/GenAI,8
6231,Others,9
5335,Others,9
6562,Others,9
4145,Others,9
622,SE for FM/LLM/GenAI,8
700,Others,9
6094,FM/LLM/GenAI for SE,8
697,SE for FM/LLM/GenAI,8
1388,FM/LLM/GenAI for SE,8
6048,Others,8
3889,Others,9
936,Others,9
6227,Others,9
335,FM/LLM/GenAI for SE,8
5601,Others,9
575,Others,9
1190,Others,8
2752,Others,9
3009,Others,9
3830,Others,9
1331,SE for FM/LLM/GenAI,8
3326,Others,9
3647,Others,9
2280,SE for FM/LLM/GenAI,8
5004,SE for FM/LLM/GenAI,9
79,Others,8
2165,SE for FM/LLM/GenAI,8
352,SE for FM/LLM/GenAI,9
1443,SE for FM/LLM/GenAI,8
5801,Others,9
425,Others,8
6748,Others,9
4084,Others,9
4352,Others,9
6952,Others,9
4194,Others,9
3157,Others,9
3470,Others,9
4901,Others,9
1564,Others,9
842,SE for FM/LLM/GenAI,8
5439,SE for FM/LLM/GenAI,8
7055,SE for FM/LLM/GenAI,8
1348,SE for FM/LLM/GenAI,8
686,Others,9
188,SE for FM/LLM/GenAI,8
94,SE for FM/LLM/GenAI,8
5647,Others,9
6256,Others,9
1204,Others,9
1327,Others,9
1430,Others,9
2677,Others,9
6458,SE for FM/LLM/GenAI,8
3034,Others,9
1272,FM/LLM/GenAI for SE,8
6672,SE for FM/LLM/GenAI,8
2952,Others,9
2241,SE for FM/LLM/GenAI,8
5908,Others,9
1209,Others,8
6908,Others,9
3401,Others,9
6833,Others,9
4289,Others,9
1491,Others,9
6450,Others,9
2288,SE for FM/LLM/GenAI,9
1038,Others,9
6235,Others,7
6820,Others,9
568,Others,9
883,SE for FM/LLM/GenAI,8
546,FM/LLM/GenAI for SE,8
3139,SE for FM/LLM/GenAI,9
6226,Others,9
1251,FM/LLM/GenAI for SE,9
4566,Others,9
3265,Others,9
4330,Others,9
3261,Others,9
5786,Others,9
453,Others,9
1004,SE for FM/LLM/GenAI,8
6357,Others,9
3906,Others,9
509,Others,9
5405,Others,9
2578,SE for FM/LLM/GenAI,9
3404,Others,9
6827,Others,10
6393,Others,9
380,Others,9
3171,Others,9
2601,Others,9
2683,Others,9
1684,Others,9
3589,Others,9
152,SE for FM/LLM/GenAI,9
4863,Others,9
6527,Others,9
3051,Others,9
2765,Others,9
2008,Others,9
5049,Others,9
1308,SE for FM/LLM/GenAI,9
1226,Others,9
1586,Others,9
2849,Others,9
2471,SE for FM/LLM/GenAI,9
2229,SE for FM/LLM/GenAI,8
4788,SE for FM/LLM/GenAI,9
934,Others,8
1662,Others,9
4732,SE for FM/LLM/GenAI,9
4089,Others,9
138,SE for FM/LLM/GenAI,9
7018,Others,9
2800,FM/LLM/GenAI for SE,9
5555,Others,9
3277,Others,9
6268,Others,9
3624,SE for FM/LLM/GenAI,8
860,SE for FM/LLM/GenAI,9
3783,Others,9
5725,SE for FM/LLM/GenAI,8
5326,SE for FM/LLM/GenAI,8
6588,Others,8
4996,Others,9
6255,Others,9
2996,Others,9
3130,SE for FM/LLM/GenAI,9
4403,Others,9
486,Others,9
6336,Others,9
3331,Others,9
4500,Others,9
3517,Others,9
6133,Others,9
2102,Others,9
6495,FM/LLM/GenAI for SE,9
3252,Others,9
528,Others,9
4719,FM/LLM/GenAI for SE,8
3745,Others,9
3483,Others,9
5198,Others,9
2587,SE for FM/LLM/GenAI,8
2902,Others,9
6167,Others,9
3050,Others,9
3480,Others,9
1127,FM/LLM/GenAI for SE,9
442,SE for FM/LLM/GenAI,9
900,SE for FM/LLM/GenAI,8
3645,Others,9
3568,SE for FM/LLM/GenAI,8
991,Others,9
3551,SE for FM/LLM/GenAI,9
1458,Others,9
6374,Others,9
1194,FM/LLM/GenAI for SE,8
4881,FM/LLM/GenAI for SE,8
2763,Others,9
6890,Others,10
6499,Others,9
2358,SE for FM/LLM/GenAI,8
1863,SE for FM/LLM/GenAI,8
5103,Others,9
414,SE for FM/LLM/GenAI,8
1568,FM/LLM/GenAI for SE,8
1161,SE for FM/LLM/GenAI,9
930,FM/LLM/GenAI for SE,9
1217,Others,9
494,SE for FM/LLM/GenAI,9
506,SE for FM/LLM/GenAI,9
1559,Others,9
1731,SE for FM/LLM/GenAI,9
2681,Others,9
2440,Others,9
2881,Others,9
3908,Others,9
2939,Others,9
5806,Others,9
4521,SE for FM/LLM/GenAI,9
6717,Others,9
6096,Others,9
4348,Others,9
1163,FM/LLM/GenAI for SE,8
4460,Others,9
2709,Others,9
6386,Others,9
3003,Others,9
1842,SE for FM/LLM/GenAI,8
1090,SE for FM/LLM/GenAI,8
3923,Others,9
1366,SE for FM/LLM/GenAI,9
2066,Others,9
2580,SE for FM/LLM/GenAI,9
4480,Others,9
206,SE for FM/LLM/GenAI,9
5824,Others,9
6528,Others,9
2781,Others,9
4714,Others,9
1748,FM/LLM/GenAI for SE,9
5991,SE for FM/LLM/GenAI,8
4540,Others,9
1792,Others,9
7087,Others,9
6301,Others,9
6234,Others,9
2865,Others,9
3733,Others,9
3126,Others,9
4906,Others,9
1167,SE for FM/LLM/GenAI,8
538,FM/LLM/GenAI for SE,9
4247,Others,9
3628,Others,9
4761,Others,9
1198,Others,9
462,Others,9
960,SE for FM/LLM/GenAI,8
5212,Others,9
3836,SE for FM/LLM/GenAI,8
6174,Others,9
3116,Others,9
1312,FM/LLM/GenAI for SE,8
6084,Others,9
3308,SE for FM/LLM/GenAI,9
3386,Others,9
230,Others,9
6950,Others,9
5527,Others,9
5424,Others,9
4213,Others,9
6613,Others,9
4253,Others,9
6272,Others,9
6399,Others,9
6044,SE for FM/LLM/GenAI,8
3561,Others,9
503,SE for FM/LLM/GenAI,8
25,Others,9
5998,Others,9
5518,FM/LLM/GenAI for SE,9
2077,Others,9
644,FM/LLM/GenAI for SE,8
137,SE for FM/LLM/GenAI,9
5128,Others,9
6957,Others,9
5644,Others,9
6240,Others,9
5199,Others,9
4298,Others,9
3661,Others,9
5369,SE for FM/LLM/GenAI,8
779,SE for FM/LLM/GenAI,8
5716,Others,9
6652,Others,9
6762,Others,9
1037,Others,8
308,Others,9
2300,SE for FM/LLM/GenAI,9
3791,Others,9
1752,Others,8
4245,Others,9
6610,Others,9
854,SE for FM/LLM/GenAI,8
2819,Others,9
7099,SE for FM/LLM/GenAI,9
6614,Others,9
3258,Others,9
4007,Others,9
2998,Others,9
1582,Others,9
2914,Others,9
5822,SE for FM/LLM/GenAI,9
4915,Others,9
4402,Others,9
149,SE for FM/LLM/GenAI,9
3019,Others,9
3922,Others,9
246,Others,9
1775,SE for FM/LLM/GenAI,8
3420,SE for FM/LLM/GenAI,8
4710,Others,9
323,FM/LLM/GenAI for SE,9
1803,SE for FM/LLM/GenAI,8
2871,Others,9
6361,Others,9
4095,Others,9
464,Others,9
370,SE for FM/LLM/GenAI,7
2961,Others,9
6022,Others,9
5617,FM/LLM/GenAI for SE,9
3121,Others,9
2746,Others,9
4702,Others,9
5740,SE for FM/LLM/GenAI,8
4026,Others,9
2716,Others,9
2321,Others,9
3131,Others,9
2755,Others,9
3675,Others,9
3,SE for FM/LLM/GenAI,8
1589,Others,9
1735,SE for FM/LLM/GenAI,9
3842,Others,9
3521,Others,9
3225,Others,9
2260,Others,9
6575,Others,9
1361,SE for FM/LLM/GenAI,9
4669,Others,9
3679,FM/LLM/GenAI for SE,9
500,Others,9
2182,SE for FM/LLM/GenAI,8
2762,Others,9
1640,Others,9
3893,Others,9
6383,Others,9
4163,Others,9
7029,SE for FM/LLM/GenAI,9
2957,Others,9
1208,FM/LLM/GenAI for SE,9
3187,Others,9
6341,Others,9
4783,SE for FM/LLM/GenAI,9
4455,Others,9
3538,Others,9
7066,Others,9
606,FM/LLM/GenAI for SE,9
327,SE for FM/LLM/GenAI,8
2685,Others,9
2833,Others,9
3101,Others,9
6979,Others,9
6510,Others,9
4939,Others,9
6736,Others,9
7119,Others,9
4349,Others,9
3541,SE for FM/LLM/GenAI,9
5504,Others,9
2899,SE for FM/LLM/GenAI,9
5593,Others,9
4315,Others,9
1920,SE for FM/LLM/GenAI,8
3485,Others,9
6350,Others,9
6491,Others,9
3586,Others,9
6862,Others,9
7010,Others,10
1882,Others,9
1460,SE for FM/LLM/GenAI,8
852,SE for FM/LLM/GenAI,8
3508,Others,9
2804,Others,9
4651,Others,9
512,Others,9
1628,Others,9
5142,SE for FM/LLM/GenAI,8
4940,Others,9
1704,Others,9
1602,Others,9
274,Others,9
4568,SE for FM/LLM/GenAI,9
7039,Others,9
3641,Others,9
221,Others,9
1392,SE for FM/LLM/GenAI,8
5055,SE for FM/LLM/GenAI,8
4572,Others,9
1674,Others,9
1018,Others,9
3087,SE for FM/LLM/GenAI,8
1668,SE for FM/LLM/GenAI,9
6176,Others,9
6356,Others,9
6400,Others,9
6830,Others,9
5794,SE for FM/LLM/GenAI,9
2826,Others,9
6484,Others,9
4294,Others,9
1554,Others,9
26,SE for FM/LLM/GenAI,8
1881,Others,8
222,SE for FM/LLM/GenAI,8
4266,Others,9
3867,Others,9
3350,Others,9
6879,Others,9
2567,SE for FM/LLM/GenAI,9
6099,SE for FM/LLM/GenAI,9
1436,SE for FM/LLM/GenAI,8
5912,Others,9
5750,Others,9
6866,Others,10
3276,Others,9
155,FM/LLM/GenAI for SE,8
285,Others,9
5529,Others,9
6715,Others,9
2119,SE for FM/LLM/GenAI,9
1422,Others,9
182,Others,9
3234,Others,9
3832,Others,9
168,FM/LLM/GenAI for SE,8
7109,SE for FM/LLM/GenAI,8
1252,SE for FM/LLM/GenAI,8
3027,Others,9
5520,Others,9
2375,Others,9
4373,Others,9
1730,SE for FM/LLM/GenAI,8
6749,FM/LLM/GenAI for SE,8
1394,SE for FM/LLM/GenAI,8
5009,Others,9
2104,SE for FM/LLM/GenAI,9
6990,Others,9
6782,Others,9
5575,Others,9
6166,SE for FM/LLM/GenAI,9
275,Others,9
4430,Others,9
838,SE for FM/LLM/GenAI,8
5507,Others,9
3269,Others,9
1182,FM/LLM/GenAI for SE,9
3136,Others,9
3093,Others,9
348,SE for FM/LLM/GenAI,9
2089,SE for FM/LLM/GenAI,9
976,Others,9
2107,Others,9
4121,Others,9
2622,SE for FM/LLM/GenAI,9
4649,Others,9
1345,FM/LLM/GenAI for SE,9
4444,Others,9
3983,Others,9
3798,SE for FM/LLM/GenAI,9
3190,Others,9
4512,Others,9
3904,Others,9
3085,SE for FM/LLM/GenAI,8
3987,Others,9
1639,SE for FM/LLM/GenAI,8
2623,SE for FM/LLM/GenAI,9
6910,Others,9
1162,Others,9
5242,SE for FM/LLM/GenAI,8
655,SE for FM/LLM/GenAI,9
1355,SE for FM/LLM/GenAI,9
2959,Others,9
5607,SE for FM/LLM/GenAI,9
6599,Others,9
6115,Others,9
6402,Others,9
85,FM/LLM/GenAI for SE,9
964,Others,9
4167,Others,9
7014,Others,10
6327,Others,9
4310,Others,9
6708,Others,9
5192,SE for FM/LLM/GenAI,9
1300,SE for FM/LLM/GenAI,9
6371,Others,9
4817,SE for FM/LLM/GenAI,8
656,SE for FM/LLM/GenAI,8
6420,Others,9
252,Others,9
3434,Others,9
6792,Others,9
3441,Others,9
1665,Others,8
3097,Others,9
2718,Others,9
6657,Others,9
2449,SE for FM/LLM/GenAI,8
910,FM/LLM/GenAI for SE,9
116,SE for FM/LLM/GenAI,9
6244,FM/LLM/GenAI for SE,9
1690,Others,9
6047,Others,9
4956,Others,9
3793,Others,9
2599,FM/LLM/GenAI for SE,8
1760,SE for FM/LLM/GenAI,8
145,FM/LLM/GenAI for SE,9
3459,Others,9
4746,Others,9
4781,SE for FM/LLM/GenAI,9
439,FM/LLM/GenAI for SE,9
4078,Others,9
5384,Others,9
627,SE for FM/LLM/GenAI,9
3542,SE for FM/LLM/GenAI,8
3446,Others,9
724,Others,9
560,Others,9
6036,Others,9
841,FM/LLM/GenAI for SE,8
1689,Others,9
2979,SE for FM/LLM/GenAI,8
6217,SE for FM/LLM/GenAI,8
7001,Others,9
5,SE for FM/LLM/GenAI,8
967,SE for FM/LLM/GenAI,8
1083,Others,9
2850,SE for FM/LLM/GenAI,9
6899,Others,9
7067,SE for FM/LLM/GenAI,7
14,Others,9
3725,Others,9
2990,Others,9
6929,Others,9
2766,Others,9
3199,Others,9
2889,Others,9
937,Others,9
2824,Others,9
1322,SE for FM/LLM/GenAI,8
2214,Others,9
2925,Others,9
1244,SE for FM/LLM/GenAI,8
399,SE for FM/LLM/GenAI,8
1399,SE for FM/LLM/GenAI,8
4799,Others,9
7006,Others,9
5336,Others,9
1283,Others,8
6106,Others,9
6122,Others,9
6223,Others,9
6574,Others,9
1058,SE for FM/LLM/GenAI,8
5496,Others,9
3206,Others,9
1172,FM/LLM/GenAI for SE,8
3757,Others,9
1334,SE for FM/LLM/GenAI,8
1343,Others,9
4297,Others,9
4432,SE for FM/LLM/GenAI,8
1196,SE for FM/LLM/GenAI,8
6975,Others,9
6260,Others,9
4753,Others,9
2968,Others,9
2993,Others,9
1365,SE for FM/LLM/GenAI,9
5715,Others,9
3346,Others,9
5252,Others,9
4023,SE for FM/LLM/GenAI,9
1566,Others,9
1682,Others,9
510,Others,9
4049,Others,9
111,SE for FM/LLM/GenAI,9
3854,Others,9
4485,Others,9
6558,Others,9
6646,SE for FM/LLM/GenAI,8
3719,Others,9
6232,SE for FM/LLM/GenAI,8
2733,Others,9
4711,Others,9
6587,Others,9
6516,Others,9
6088,Others,9
6991,Others,9
6457,FM/LLM/GenAI for SE,9
125,SE for FM/LLM/GenAI,9
2462,SE for FM/LLM/GenAI,9
1722,Others,9
6003,Others,9
4138,Others,9
6113,Others,9
1584,Others,9
6086,Others,9
5803,Others,9
1660,Others,8
722,Others,9
2607,Others,9
5909,Others,9
1452,Others,9
4632,Others,9
3732,Others,9
3753,Others,9
5500,Others,9
3457,Others,9
2857,Others,9
1672,Others,9
2771,Others,9
4022,SE for FM/LLM/GenAI,8
3656,Others,9
232,Others,9
920,SE for FM/LLM/GenAI,9
3754,SE for FM/LLM/GenAI,9
3824,SE for FM/LLM/GenAI,8
349,SE for FM/LLM/GenAI,8
51,SE for FM/LLM/GenAI,8
6132,Others,9
6537,Others,9
6215,Others,9
862,SE for FM/LLM/GenAI,8
4088,Others,9
389,FM/LLM/GenAI for SE,8
2906,Others,9
3409,Others,9
5063,Others,9
359,FM/LLM/GenAI for SE,9
1967,SE for FM/LLM/GenAI,8
1019,Others,9
6270,Others,9
4392,SE for FM/LLM/GenAI,8
4814,Others,9
1164,SE for FM/LLM/GenAI,8
6770,Others,9
5278,Others,9
6659,SE for FM/LLM/GenAI,8
7113,Others,9
6184,Others,9
2705,Others,9
3686,FM/LLM/GenAI for SE,9
5652,Others,9
7090,FM/LLM/GenAI for SE,9
3815,Others,9
5506,SE for FM/LLM/GenAI,9
3186,Others,9
1435,Others,9
1986,SE for FM/LLM/GenAI,9
6853,Others,10
3077,Others,9
4643,Others,9
2598,SE for FM/LLM/GenAI,8
60,SE for FM/LLM/GenAI,8
2306,SE for FM/LLM/GenAI,9
1189,SE for FM/LLM/GenAI,9
2962,Others,9
2293,Others,8
3540,SE for FM/LLM/GenAI,9
1364,SE for FM/LLM/GenAI,8
4570,Others,9
1197,Others,9
5271,Others,9
5934,SE for FM/LLM/GenAI,8
100,SE for FM/LLM/GenAI,9
4740,SE for FM/LLM/GenAI,9
1207,Others,9
1444,FM/LLM/GenAI for SE,9
1426,SE for FM/LLM/GenAI,8
2845,Others,9
1216,Others,9
1315,Others,9
4344,Others,9
2540,SE for FM/LLM/GenAI,8
6856,Others,9
4654,Others,9
1815,Others,9
3129,Others,9
3189,Others,9
853,Others,9
1806,Others,9
427,SE for FM/LLM/GenAI,8
6767,Others,10
1013,Others,9
3165,Others,9
884,FM/LLM/GenAI for SE,9
3817,Others,9
3936,Others,9
4382,Others,9
4305,Others,9
6455,Others,9
1068,Others,9
6376,Others,9
6741,Others,10
1708,Others,9
2847,Others,9
3851,FM/LLM/GenAI for SE,9
2427,Others,9
6263,Others,9
2742,Others,9
1707,Others,9
6548,SE for FM/LLM/GenAI,8
6370,Others,9
3053,SE for FM/LLM/GenAI,8
2356,Others,9
5814,Others,9
4325,FM/LLM/GenAI for SE,8
3965,Others,9
1353,FM/LLM/GenAI for SE,9
3897,Others,9
951,Others,9
2543,Others,8
3729,Others,9
3770,Others,9
339,FM/LLM/GenAI for SE,8
4384,FM/LLM/GenAI for SE,9
3673,SE for FM/LLM/GenAI,9
6543,Others,9
4224,Others,9
3072,Others,9
1256,FM/LLM/GenAI for SE,9
3970,Others,9
1187,Others,9
850,SE for FM/LLM/GenAI,8
1188,SE for FM/LLM/GenAI,8
7112,Others,9
5480,Others,9
77,SE for FM/LLM/GenAI,8
38,SE for FM/LLM/GenAI,8
5086,Others,8
5401,Others,9
4199,Others,9
4146,Others,9
4101,Others,9
918,SE for FM/LLM/GenAI,9
2168,Others,9
1561,SE for FM/LLM/GenAI,8
5687,Others,9
4602,Others,9
1324,Others,9
5676,SE for FM/LLM/GenAI,9
1221,SE for FM/LLM/GenAI,9
1848,Others,9
2944,Others,9
3281,Others,9
1595,Others,9
4396,Others,9
6616,Others,9
6831,Others,10
289,Others,9
3156,Others,9
556,Others,9
5379,Others,9
2513,Others,9
2195,SE for FM/LLM/GenAI,8
680,SE for FM/LLM/GenAI,8
4695,SE for FM/LLM/GenAI,8
180,FM/LLM/GenAI for SE,9
1791,Others,9
4036,Others,9
2585,SE for FM/LLM/GenAI,9
119,SE for FM/LLM/GenAI,9
5502,Others,9
1477,SE for FM/LLM/GenAI,7
160,SE for FM/LLM/GenAI,9
1925,Others,9
6175,SE for FM/LLM/GenAI,8
1646,Others,9
4650,Others,9
3709,Others,9
493,Others,9
5091,Others,9
6987,Others,9
5663,Others,9
6810,Others,9
13,SE for FM/LLM/GenAI,8
2453,SE for FM/LLM/GenAI,8
3158,Others,9
2852,Others,9
3108,Others,9
2829,Others,9
6816,Others,9
5110,Others,9
1155,SE for FM/LLM/GenAI,8
3298,SE for FM/LLM/GenAI,9
2923,Others,9
4983,Others,9
857,FM/LLM/GenAI for SE,9
6622,Others,9
4620,Others,9
3925,Others,9
4369,Others,9
1494,Others,9
6211,Others,9
4363,Others,9
208,SE for FM/LLM/GenAI,8
4596,Others,9
6265,Others,9
4811,Others,9
5003,Others,9
2242,SE for FM/LLM/GenAI,8
4946,Others,9
6200,Others,9
5723,SE for FM/LLM/GenAI,9
7050,Others,9
6880,Others,9
59,SE for FM/LLM/GenAI,9
3149,Others,9
3278,Others,9
4376,SE for FM/LLM/GenAI,9
3437,Others,9
6850,Others,9
6252,Others,9
4998,Others,9
5693,Others,9
1828,SE for FM/LLM/GenAI,8
2500,Others,9
618,FM/LLM/GenAI for SE,9
3503,Others,9
6626,Others,9
6618,Others,9
7030,FM/LLM/GenAI for SE,8
4937,SE for FM/LLM/GenAI,8
545,Others,9
6120,FM/LLM/GenAI for SE,8
5970,Others,9
5027,SE for FM/LLM/GenAI,9
1202,FM/LLM/GenAI for SE,8
3295,Others,9
5968,Others,9
3176,Others,9
6997,Others,10
3573,SE for FM/LLM/GenAI,8
1120,SE for FM/LLM/GenAI,7
1721,Others,9
2856,Others,9
4551,Others,9
3515,Others,9
2344,SE for FM/LLM/GenAI,9
4921,Others,9
3342,Others,9
2454,SE for FM/LLM/GenAI,9
4085,Others,9
7110,Others,9
1213,SE for FM/LLM/GenAI,8
2898,SE for FM/LLM/GenAI,8
6453,Others,9
5595,Others,9
195,SE for FM/LLM/GenAI,9
144,SE for FM/LLM/GenAI,8
4627,Others,9
6236,Others,9
469,SE for FM/LLM/GenAI,8
2398,SE for FM/LLM/GenAI,9
2933,Others,9
3472,Others,9
465,Others,9
6108,Others,9
4501,Others,9
1603,Others,9
6606,Others,9
781,Others,9
2855,Others,8
6892,Others,10
6441,SE for FM/LLM/GenAI,8
2197,SE for FM/LLM/GenAI,9
5115,Others,9
3243,Others,9
4304,Others,9
5457,Others,9
310,SE for FM/LLM/GenAI,8
3356,FM/LLM/GenAI for SE,8
5105,Others,9
6266,Others,9
6694,Others,9
7093,Others,9
3414,Others,9
177,SE for FM/LLM/GenAI,8
5372,Others,9
187,SE for FM/LLM/GenAI,9
2501,SE for FM/LLM/GenAI,8
4495,Others,9
2761,Others,9
3490,Others,9
1972,SE for FM/LLM/GenAI,9
1956,Others,9
3866,Others,9
3100,SE for FM/LLM/GenAI,9
5499,Others,9
3532,Others,9
3299,Others,9
5447,Others,9
3128,Others,9
2653,Others,9
6985,Others,10
5620,SE for FM/LLM/GenAI,8
6864,Others,10
2634,SE for FM/LLM/GenAI,9
6473,Others,9
874,SE for FM/LLM/GenAI,8
652,FM/LLM/GenAI for SE,9
2777,Others,9
4554,Others,9
595,Others,9
5737,Others,9
1344,FM/LLM/GenAI for SE,9
6960,Others,9
899,SE for FM/LLM/GenAI,9
1615,Others,9
4764,Others,9
4612,Others,9
6239,Others,9
4907,Others,9
4341,Others,9
1391,SE for FM/LLM/GenAI,9
5768,Others,9
4920,Others,9
4774,Others,9
5567,Others,9
1977,SE for FM/LLM/GenAI,8
1224,SE for FM/LLM/GenAI,8
1770,Others,9
4911,Others,9
6815,Others,10
6024,Others,9
3616,Others,9
326,FM/LLM/GenAI for SE,9
4443,Others,9
1215,FM/LLM/GenAI for SE,9
1609,Others,9
706,Others,9
1241,Others,9
864,SE for FM/LLM/GenAI,9
1974,SE for FM/LLM/GenAI,9
6308,SE for FM/LLM/GenAI,8
1349,SE for FM/LLM/GenAI,8
4728,Others,9
2450,SE for FM/LLM/GenAI,9
2941,Others,9
6190,Others,9
261,Others,9
4693,SE for FM/LLM/GenAI,7
3692,Others,9
6693,Others,9
5989,Others,9
6254,Others,9
1357,SE for FM/LLM/GenAI,8
7011,Others,9
6922,Others,9
1914,SE for FM/LLM/GenAI,8
654,FM/LLM/GenAI for SE,8
1262,SE for FM/LLM/GenAI,8
4741,Others,9
4908,Others,9
3374,Others,9
88,SE for FM/LLM/GenAI,9
4168,Others,9
5048,Others,9
4506,Others,9
4762,Others,9
2646,SE for FM/LLM/GenAI,9
4656,Others,9
7049,Others,9
6763,Others,10
3941,SE for FM/LLM/GenAI,8
6090,FM/LLM/GenAI for SE,8
2719,Others,9
2510,SE for FM/LLM/GenAI,9
547,Others,9
5449,Others,9
1305,SE for FM/LLM/GenAI,8
4246,SE for FM/LLM/GenAI,8
2361,Others,9
86,Others,9
6832,Others,9
385,Others,9
1395,SE for FM/LLM/GenAI,8
1165,Others,9
3075,Others,9
4505,Others,9
2934,Others,10
4657,Others,9
5254,SE for FM/LLM/GenAI,9
2591,SE for FM/LLM/GenAI,8
6711,Others,10
948,SE for FM/LLM/GenAI,8
3089,Others,9
214,Others,9
6446,Others,9
2851,Others,9
1258,SE for FM/LLM/GenAI,8
4735,Others,9
1577,Others,9
3124,Others,9
3210,Others,9
768,Others,9
733,SE for FM/LLM/GenAI,8
1482,Others,9
990,FM/LLM/GenAI for SE,8
6324,SE for FM/LLM/GenAI,8
6876,Others,9
2289,SE for FM/LLM/GenAI,8
5582,Others,9
2084,SE for FM/LLM/GenAI,8
1294,FM/LLM/GenAI for SE,8
6826,Others,9
1166,SE for FM/LLM/GenAI,8
6100,Others,8
1409,Others,9
558,Others,9
932,SE for FM/LLM/GenAI,9
6589,Others,9
1591,Others,9
3266,FM/LLM/GenAI for SE,8
3927,Others,9
4611,Others,9
4738,Others,9
1556,SE for FM/LLM/GenAI,8
17,FM/LLM/GenAI for SE,9
6635,Others,9
5466,SE for FM/LLM/GenAI,8
346,SE for FM/LLM/GenAI,8
6164,Others,9
3285,SE for FM/LLM/GenAI,8
572,Others,9
6541,Others,9
605,SE for FM/LLM/GenAI,9
320,SE for FM/LLM/GenAI,8
66,SE for FM/LLM/GenAI,9
3068,Others,9
2747,Others,9
3525,Others,9
554,SE for FM/LLM/GenAI,8
3339,Others,9
2874,Others,9
3655,Others,9
4595,SE for FM/LLM/GenAI,9
6923,Others,9
2823,Others,9
1741,Others,9
4647,Others,9
1751,SE for FM/LLM/GenAI,8
5570,Others,9
3800,Others,9
2670,Others,9
6726,Others,10
6152,Others,9
433,SE for FM/LLM/GenAI,9
6958,Others,9
3137,Others,9
4212,Others,9
6860,Others,10
2983,Others,9
4933,Others,9
5376,Others,9
6563,Others,9
4776,SE for FM/LLM/GenAI,8
1666,Others,9
2655,SE for FM/LLM/GenAI,8
1466,FM/LLM/GenAI for SE,8
2164,Others,9
6779,Others,9
6196,Others,9
2116,SE for FM/LLM/GenAI,9
1278,SE for FM/LLM/GenAI,8
2390,SE for FM/LLM/GenAI,9
6710,Others,10
2198,SE for FM/LLM/GenAI,8
5610,Others,9
5045,Others,9
6382,SE for FM/LLM/GenAI,8
587,Others,9
6173,Others,9
550,Others,9
1993,SE for FM/LLM/GenAI,8
7059,SE for FM/LLM/GenAI,9
978,Others,9
341,SE for FM/LLM/GenAI,9
3080,Others,9
6091,SE for FM/LLM/GenAI,8
2922,Others,9
839,FM/LLM/GenAI for SE,8
4517,SE for FM/LLM/GenAI,8
2612,SE for FM/LLM/GenAI,8
5226,Others,9
7028,SE for FM/LLM/GenAI,9
561,Others,9
107,SE for FM/LLM/GenAI,9
6752,Others,9
6360,Others,9
2662,SE for FM/LLM/GenAI,8
1627,SE for FM/LLM/GenAI,8
1230,SE for FM/LLM/GenAI,8
4048,Others,9
4977,Others,9
279,Others,9
311,Others,9
1439,Others,8
3155,Others,9
2435,SE for FM/LLM/GenAI,9
1292,SE for FM/LLM/GenAI,7
23,SE for FM/LLM/GenAI,9
6276,SE for FM/LLM/GenAI,8
4923,Others,9
4263,SE for FM/LLM/GenAI,9
3419,SE for FM/LLM/GenAI,8
3223,Others,9
2468,SE for FM/LLM/GenAI,8
108,SE for FM/LLM/GenAI,8
7091,Others,9
5743,Others,9
1373,SE for FM/LLM/GenAI,8
6974,Others,10
7095,Others,9
3537,Others,9
1759,SE for FM/LLM/GenAI,8
3575,Others,9
3536,Others,9
4160,Others,9
5350,Others,9
5069,FM/LLM/GenAI for SE,9
1736,SE for FM/LLM/GenAI,9
435,SE for FM/LLM/GenAI,8
1157,Others,9
40,SE for FM/LLM/GenAI,9
1450,FM/LLM/GenAI for SE,8
5218,Others,9
35,SE for FM/LLM/GenAI,9
3955,SE for FM/LLM/GenAI,8
6448,Others,9
476,SE for FM/LLM/GenAI,9
6452,Others,9
5760,Others,9
869,SE for FM/LLM/GenAI,8
3017,Others,9
56,SE for FM/LLM/GenAI,8
3905,Others,9
4397,Others,9
5907,SE for FM/LLM/GenAI,8
324,FM/LLM/GenAI for SE,9
5035,SE for FM/LLM/GenAI,9
5338,Others,9
5888,SE for FM/LLM/GenAI,8
2725,Others,9
2324,Others,9
5491,Others,9
4608,Others,9
504,SE for FM/LLM/GenAI,9
7088,Others,9
2284,SE for FM/LLM/GenAI,9
4862,Others,9
2938,Others,9
2287,SE for FM/LLM/GenAI,8
1168,Others,9
95,SE for FM/LLM/GenAI,8
6189,Others,9
2026,SE for FM/LLM/GenAI,9
5396,Others,9
3530,Others,8
6572,SE for FM/LLM/GenAI,8
5503,Others,9
4720,Others,9
6861,Others,9
6137,Others,9
468,SE for FM/LLM/GenAI,8
3779,Others,9
4709,Others,9
3375,Others,9
6471,Others,9
5002,Others,9
6193,Others,9
1418,FM/LLM/GenAI for SE,8
4436,Others,9
6410,Others,9
1448,SE for FM/LLM/GenAI,8
2172,Others,9
3802,Others,9
2374,SE for FM/LLM/GenAI,8
6250,SE for FM/LLM/GenAI,8
6849,Others,9
4626,Others,9
2795,Others,9
2137,Others,8
6224,Others,9
6787,Others,9
438,Others,9
6185,Others,9
4083,Others,9
81,Others,9
5354,Others,9
2140,SE for FM/LLM/GenAI,8
6338,Others,9
330,SE for FM/LLM/GenAI,8
748,Others,9
3359,Others,9
5695,Others,9
4371,Others,9
4900,Others,9
4063,Others,9
3786,Others,9
1553,Others,9
5979,Others,9
3876,SE for FM/LLM/GenAI,8
3664,Others,9
97,SE for FM/LLM/GenAI,8
6905,Others,9
313,SE for FM/LLM/GenAI,8
5710,Others,9
5733,SE for FM/LLM/GenAI,8
6411,Others,9
4914,SE for FM/LLM/GenAI,9
2597,Others,9
2866,Others,9
4648,Others,9
1995,SE for FM/LLM/GenAI,9
6497,Others,9
432,Others,9
6656,SE for FM/LLM/GenAI,8
4844,Others,9
1495,Others,9
3527,Others,9
2576,Others,9
5096,Others,9
5250,SE for FM/LLM/GenAI,8
3590,Others,9
5474,SE for FM/LLM/GenAI,9
720,Others,9
1133,SE for FM/LLM/GenAI,8
2799,Others,9
3202,SE for FM/LLM/GenAI,8
591,Others,9
4378,Others,9
6687,Others,9
3373,Others,9
3828,Others,9
822,Others,8
415,FM/LLM/GenAI for SE,8
6017,Others,9
4474,Others,9
5402,Others,9
1052,SE for FM/LLM/GenAI,8
2282,SE for FM/LLM/GenAI,8
4874,Others,9
4453,Others,9
6504,SE for FM/LLM/GenAI,8
2783,Others,9
7118,Others,9
1425,SE for FM/LLM/GenAI,8
3560,Others,9
1695,Others,9
4499,Others,9
682,FM/LLM/GenAI for SE,8
7116,Others,9
3333,SE for FM/LLM/GenAI,9
3843,Others,9
1572,Others,9
5415,SE for FM/LLM/GenAI,9
2322,Others,9
1234,Others,8
4381,Others,9
1987,Others,9
5997,Others,9
3699,SE for FM/LLM/GenAI,8
3787,Others,9
2534,SE for FM/LLM/GenAI,9
4442,Others,9
889,Others,9
6351,Others,9
5560,SE for FM/LLM/GenAI,8
6214,Others,9
3133,SE for FM/LLM/GenAI,9
2984,Others,9
6242,Others,9
2806,Others,9
5461,SE for FM/LLM/GenAI,9
619,SE for FM/LLM/GenAI,9
5787,Others,9
2992,Others,9
3151,SE for FM/LLM/GenAI,9
6202,Others,9
5032,Others,9
944,Others,9
376,Others,9
1267,FM/LLM/GenAI for SE,8
6506,FM/LLM/GenAI for SE,9
1610,Others,9
5850,SE for FM/LLM/GenAI,8
250,Others,9
6083,Others,9
1794,Others,9
480,Others,9
2846,Others,9
5685,Others,9
6435,Others,9
3860,Others,9
5410,Others,9
6806,Others,9
5769,Others,9
4086,Others,9
6159,SE for FM/LLM/GenAI,9
3411,Others,9
603,SE for FM/LLM/GenAI,9
2245,SE for FM/LLM/GenAI,9
6238,Others,9
6459,Others,9
4749,Others,9
4857,SE for FM/LLM/GenAI,9
2724,Others,9
5289,Others,9
4925,Others,9
3659,SE for FM/LLM/GenAI,8
2175,Others,9
4742,FM/LLM/GenAI for SE,9
999,Others,9
6837,Others,9
2666,Others,9
4721,SE for FM/LLM/GenAI,8
6784,Others,9
3061,Others,9
1836,SE for FM/LLM/GenAI,8
2304,Others,9
1697,Others,9
6673,Others,9
7108,SE for FM/LLM/GenAI,9
2726,Others,9
4955,SE for FM/LLM/GenAI,8
7058,Others,8
2741,Others,9
2702,Others,9
4395,Others,9
63,SE for FM/LLM/GenAI,9
3114,Others,9
4489,Others,9
2775,Others,9
1576,Others,9
6168,Others,9
4473,Others,9
6170,Others,9
1413,SE for FM/LLM/GenAI,8
3852,FM/LLM/GenAI for SE,9
5859,Others,9
3884,Others,9
4220,Others,9
2774,Others,9
6582,Others,9
6823,Others,9
5525,Others,9
4339,Others,9
2835,Others,9
4438,Others,9
1223,Others,9
446,Others,8
533,FM/LLM/GenAI for SE,8
4449,Others,9
1698,Others,9
336,FM/LLM/GenAI for SE,9
4047,Others,9
1192,Others,9
3954,Others,9
357,SE for FM/LLM/GenAI,8
4997,Others,9
3313,Others,9
5489,Others,9
1239,Others,9
971,Others,9
3839,Others,9
4590,SE for FM/LLM/GenAI,8
6926,Others,9
555,Others,9
6848,Others,9
3903,Others,9
1467,SE for FM/LLM/GenAI,8
7070,Others,9
6896,Others,10
3915,Others,9
2770,Others,9
3812,Others,9
1212,Others,9
368,SE for FM/LLM/GenAI,9
3902,Others,9
5275,Others,9
4652,Others,9
1841,SE for FM/LLM/GenAI,8
424,Others,9
1297,SE for FM/LLM/GenAI,8
3940,FM/LLM/GenAI for SE,9
6496,SE for FM/LLM/GenAI,8
3203,Others,9
5082,SE for FM/LLM/GenAI,8
5677,Others,9
4223,Others,9
3469,Others,9
3805,Others,9
3355,SE for FM/LLM/GenAI,9
894,SE for FM/LLM/GenAI,8
2433,Others,9
4424,Others,9
3167,Others,9
3379,Others,9
1655,SE for FM/LLM/GenAI,8
3216,Others,9
5169,Others,9
3713,Others,9
3514,Others,9
4291,Others,9
4751,SE for FM/LLM/GenAI,9
4734,Others,9
1231,Others,9
5811,SE for FM/LLM/GenAI,8
4828,Others,9
2432,SE for FM/LLM/GenAI,7
3253,Others,9
1953,SE for FM/LLM/GenAI,8
2217,FM/LLM/GenAI for SE,8
795,Others,9
2743,Others,9
1823,Others,9
2915,Others,9
5237,Others,9
475,SE for FM/LLM/GenAI,9
6852,Others,9
6290,Others,9
4777,SE for FM/LLM/GenAI,9
1274,SE for FM/LLM/GenAI,8
3103,Others,9
3567,SE for FM/LLM/GenAI,8
649,SE for FM/LLM/GenAI,8
1858,SE for FM/LLM/GenAI,8
3222,Others,9
258,Others,9
935,SE for FM/LLM/GenAI,8
2394,Others,9
6345,Others,8
2982,Others,9
2592,SE for FM/LLM/GenAI,8
4557,Others,9
5123,Others,9
332,FM/LLM/GenAI for SE,9
6230,Others,9
1119,SE for FM/LLM/GenAI,8
5356,Others,9
55,SE for FM/LLM/GenAI,9
2443,FM/LLM/GenAI for SE,9
6894,Others,9
3351,Others,9
6757,Others,9
3283,Others,9
1195,Others,9
653,SE for FM/LLM/GenAI,8
1020,Others,9
4358,Others,9
5149,Others,9
2870,Others,9
6692,Others,9
5291,Others,9
6163,FM/LLM/GenAI for SE,8
1820,Others,9
236,Others,9
4778,Others,9
2228,SE for FM/LLM/GenAI,8
6766,Others,9
3007,Others,9
6488,Others,9
2122,Others,9
1429,Others,9
5452,Others,9
5784,SE for FM/LLM/GenAI,8
6297,Others,9
2386,SE for FM/LLM/GenAI,8
6822,Others,9
6649,Others,9
3994,Others,9
6696,FM/LLM/GenAI for SE,9
721,SE for FM/LLM/GenAI,8
4848,Others,9
2945,Others,9
5075,Others,9
6596,Others,9
6522,Others,9
2869,SE for FM/LLM/GenAI,9
6445,Others,9
1927,SE for FM/LLM/GenAI,8
2978,Others,9
1880,SE for FM/LLM/GenAI,8
6460,SE for FM/LLM/GenAI,8
6904,Others,9
7065,SE for FM/LLM/GenAI,9
2895,Others,9
1158,FM/LLM/GenAI for SE,8
140,FM/LLM/GenAI for SE,9
4268,Others,9
4072,SE for FM/LLM/GenAI,8
4042,Others,9
1701,Others,9
1031,Others,9
1434,Others,9
1472,SE for FM/LLM/GenAI,8
946,Others,9
6060,Others,9
6930,SE for FM/LLM/GenAI,8
589,Others,10
6532,SE for FM/LLM/GenAI,8
2529,Others,9
6285,Others,9
2831,Others,9
2784,Others,9
5162,Others,9
4427,Others,9
2010,SE for FM/LLM/GenAI,8
6198,Others,9
1664,Others,9
1732,Others,9
2778,Others,9
4582,Others,9
3242,SE for FM/LLM/GenAI,9
2886,Others,9
3078,Others,9
3322,Others,9
5375,SE for FM/LLM/GenAI,9
1913,SE for FM/LLM/GenAI,8
1066,Others,9
6788,Others,9
186,SE for FM/LLM/GenAI,8
4785,Others,9
5534,FM/LLM/GenAI for SE,9
1176,Others,9
6253,Others,9
6855,Others,9
3387,Others,9
6325,Others,9
6423,Others,9
6480,FM/LLM/GenAI for SE,8
4016,Others,9
4225,Others,9
1050,FM/LLM/GenAI for SE,9
1354,Others,9
4966,SE for FM/LLM/GenAI,8
3399,Others,9
928,SE for FM/LLM/GenAI,9
2594,Others,9
925,FM/LLM/GenAI for SE,8
6994,Others,9
1350,SE for FM/LLM/GenAI,8
1651,Others,9
3735,Others,9
5694,Others,9
2809,Others,9
6436,Others,9
1238,Others,9
3883,Others,9
1691,Others,9
6388,Others,9
3118,Others,9
1016,Others,9
1362,SE for FM/LLM/GenAI,8
5571,Others,9
1724,Others,9
3347,Others,9
5208,Others,9
5868,SE for FM/LLM/GenAI,8
4229,Others,9
5301,Others,9
2861,Others,9
1865,Others,9
5722,Others,9
985,SE for FM/LLM/GenAI,7
317,Others,9
727,Others,9
1107,Others,9
227,Others,9
881,FM/LLM/GenAI for SE,9
1423,SE for FM/LLM/GenAI,9
3924,Others,9
3462,Others,9
5894,Others,9
5701,Others,9
3160,Others,9
662,FM/LLM/GenAI for SE,8
1011,Others,9
3781,Others,9
7009,Others,9
4766,Others,9
2989,Others,9
4265,FM/LLM/GenAI for SE,8
4270,SE for FM/LLM/GenAI,9
3591,Others,9
4411,Others,9
6461,SE for FM/LLM/GenAI,8
5160,Others,9
5884,Others,9
4491,Others,9
5533,FM/LLM/GenAI for SE,8
1749,SE for FM/LLM/GenAI,8
639,SE for FM/LLM/GenAI,8
3875,SE for FM/LLM/GenAI,9
406,FM/LLM/GenAI for SE,9
6340,SE for FM/LLM/GenAI,8
2201,SE for FM/LLM/GenAI,9
4767,Others,9
2204,Others,9
1694,Others,9
6507,Others,9
3516,Others,9
3718,Others,9
6287,Others,9
736,FM/LLM/GenAI for SE,9
3296,SE for FM/LLM/GenAI,9
4231,Others,9
3482,Others,9
6755,Others,10
5773,FM/LLM/GenAI for SE,7
1151,FM/LLM/GenAI for SE,9
5353,Others,9
1567,FM/LLM/GenAI for SE,9
5662,Others,9
3526,Others,9
584,Others,9
730,SE for FM/LLM/GenAI,8
5173,FM/LLM/GenAI for SE,9
1130,SE for FM/LLM/GenAI,8
3193,Others,9
5921,Others,9
5654,Others,9
334,SE for FM/LLM/GenAI,8
1445,SE for FM/LLM/GenAI,8
6907,Others,9
6339,SE for FM/LLM/GenAI,9
1700,Others,9
6298,Others,9
1734,SE for FM/LLM/GenAI,8
2737,Others,9
2693,SE for FM/LLM/GenAI,9
1897,SE for FM/LLM/GenAI,8
5459,Others,9
83,SE for FM/LLM/GenAI,8
4454,Others,9
4537,Others,9
4408,Others,9
3011,SE for FM/LLM/GenAI,9
4604,Others,9
773,SE for FM/LLM/GenAI,8
6882,Others,9
5611,Others,9
2230,SE for FM/LLM/GenAI,8
2995,Others,9
1214,Others,9
6885,Others,9
36,SE for FM/LLM/GenAI,8
2504,SE for FM/LLM/GenAI,9
2061,Others,9
3060,Others,9
1153,SE for FM/LLM/GenAI,8
508,Others,9
2258,Others,9
4852,Others,9
1875,SE for FM/LLM/GenAI,8
3177,FM/LLM/GenAI for SE,8
6305,SE for FM/LLM/GenAI,8
3623,SE for FM/LLM/GenAI,8
7069,Others,9
6449,Others,9
6433,Others,9
331,FM/LLM/GenAI for SE,8
6667,Others,8
1605,Others,9
470,Others,9
183,FM/LLM/GenAI for SE,8
4676,SE for FM/LLM/GenAI,8
3789,Others,9
3864,Others,9
6505,Others,9
5117,Others,9
4683,SE for FM/LLM/GenAI,8
4466,Others,9
2818,Others,9
2827,Others,9
3205,SE for FM/LLM/GenAI,9
6911,Others,9
7046,SE for FM/LLM/GenAI,7
350,Others,9
865,FM/LLM/GenAI for SE,9
3505,Others,9
6284,Others,9
4943,Others,9
989,Others,9
1374,SE for FM/LLM/GenAI,9
5297,Others,9
7044,SE for FM/LLM/GenAI,9
1287,FM/LLM/GenAI for SE,9
1372,SE for FM/LLM/GenAI,9
1492,Others,9
4061,Others,9
1275,Others,9
6725,Others,10
5928,Others,9
4542,Others,9
3353,Others,9
1109,SE for FM/LLM/GenAI,9
1255,Others,9
5051,Others,9
2864,Others,9
6366,Others,9
2793,Others,9
4917,SE for FM/LLM/GenAI,9
6901,Others,9
2759,Others,9
2815,Others,9
2909,Others,9
5011,Others,9
537,Others,9
2283,Others,9
1073,Others,9
5839,Others,9
3200,Others,9
3528,FM/LLM/GenAI for SE,9
1401,Others,9
6101,Others,9
1382,FM/LLM/GenAI for SE,8
1713,Others,9
3394,Others,9
450,FM/LLM/GenAI for SE,9
4066,Others,9
5323,FM/LLM/GenAI for SE,9
4641,Others,9
2730,Others,9
3850,SE for FM/LLM/GenAI,8
3588,Others,9
887,FM/LLM/GenAI for SE,9
271,Others,9
4543,Others,9
3035,Others,9
2455,SE for FM/LLM/GenAI,8
6206,Others,9
1643,Others,9
8,FM/LLM/GenAI for SE,9
7073,Others,9
3251,Others,9
4508,Others,9
431,SE for FM/LLM/GenAI,9
519,SE for FM/LLM/GenAI,8
1359,SE for FM/LLM/GenAI,8
2457,SE for FM/LLM/GenAI,9
3759,Others,9
5656,Others,9
5077,Others,9
1654,FM/LLM/GenAI for SE,9
7025,SE for FM/LLM/GenAI,8
159,SE for FM/LLM/GenAI,9
4068,Others,8
6724,Others,9
3390,Others,9
729,Others,9
122,SE for FM/LLM/GenAI,9
915,SE for FM/LLM/GenAI,8
5390,Others,9
3015,Others,9
30,SE for FM/LLM/GenAI,9
229,Others,9
5054,Others,9
443,SE for FM/LLM/GenAI,8
4461,Others,9
1449,SE for FM/LLM/GenAI,8
495,Others,9
3758,Others,9
6359,Others,9
0,FM/LLM/GenAI for SE,8
5258,Others,9
1148,FM/LLM/GenAI for SE,9
647,FM/LLM/GenAI for SE,9
3819,Others,9
6934,Others,9
463,Others,9
6335,Others,9
3966,Others,9
4409,Others,9
6259,Others,9
1159,SE for FM/LLM/GenAI,8
6195,Others,9
4793,Others,9
379,FM/LLM/GenAI for SE,8
3016,Others,9
1575,Others,9
401,SE for FM/LLM/GenAI,8
1912,Others,8
6627,Others,9
1614,Others,10
3959,Others,9
3855,Others,9
6221,Others,9
7034,SE for FM/LLM/GenAI,9
7012,Others,9
3748,Others,9
3648,Others,9
1254,FM/LLM/GenAI for SE,9
6886,Others,9
696,Others,9
958,SE for FM/LLM/GenAI,8
4067,Others,9
660,SE for FM/LLM/GenAI,9
3464,Others,9
4140,Others,9
1947,Others,9
6898,Others,10
1282,SE for FM/LLM/GenAI,8
6486,Others,9
6362,Others,9
6093,SE for FM/LLM/GenAI,8
3119,Others,9
106,SE for FM/LLM/GenAI,9
1371,FM/LLM/GenAI for SE,9
3208,Others,9
4180,Others,9
286,Others,9
5010,Others,9
4313,SE for FM/LLM/GenAI,9
6418,Others,9
6102,Others,9
6980,Others,9
4577,SE for FM/LLM/GenAI,9
5246,Others,9
3952,Others,9
5215,Others,9
4033,Others,9
3507,SE for FM/LLM/GenAI,9
2615,Others,9
3956,Others,9
2988,Others,9
6951,Others,9
2963,Others,9
1160,SE for FM/LLM/GenAI,8
2617,FM/LLM/GenAI for SE,8
2124,Others,9
3201,Others,9
3741,Others,9
2219,Others,9
1205,Others,9
5307,SE for FM/LLM/GenAI,9
6070,SE for FM/LLM/GenAI,8
4773,Others,9
6797,Others,10
4493,Others,9
3845,Others,9
5201,Others,8
2233,Others,9
6631,SE for FM/LLM/GenAI,8
1859,SE for FM/LLM/GenAI,8
4581,Others,9
6570,SE for FM/LLM/GenAI,9
4575,Others,9
174,SE for FM/LLM/GenAI,8
886,FM/LLM/GenAI for SE,9
4331,Others,9
3582,SE for FM/LLM/GenAI,8
523,Others,9
6334,Others,9
501,Others,9
3562,Others,9
970,Others,9
3163,Others,9
7037,Others,8
7015,Others,9
4181,Others,9
4928,Others,9
6854,Others,9
457,Others,9
3660,Others,9
3569,SE for FM/LLM/GenAI,8
6595,Others,9
1964,Others,9
5037,Others,9
3766,Others,9
2369,Others,9
7033,FM/LLM/GenAI for SE,9
1,SE for FM/LLM/GenAI,9
1831,Others,9
4191,Others,9
6079,Others,9
4826,Others,9
1862,SE for FM/LLM/GenAI,8
4975,Others,9
952,SE for FM/LLM/GenAI,8
583,Others,9
3364,Others,9
6871,Others,10
4929,Others,9
6171,Others,9
6643,SE for FM/LLM/GenAI,8
4206,Others,9
132,SE for FM/LLM/GenAI,9
1597,Others,9
1489,Others,9
549,Others,9
3042,Others,9
6385,Others,9
3021,Others,8
5214,Others,9
3980,Others,9
6568,SE for FM/LLM/GenAI,8
6773,Others,9
2877,Others,9
4328,Others,9
397,FM/LLM/GenAI for SE,9
4837,Others,9
1414,SE for FM/LLM/GenAI,9
6836,Others,10
3159,Others,9
2758,Others,9
1692,Others,9
1332,FM/LLM/GenAI for SE,8
6707,Others,9
5155,Others,9
5262,Others,9
2043,Others,9
4637,Others,9
6746,Others,9
1099,SE for FM/LLM/GenAI,8
6884,Others,10
1814,SE for FM/LLM/GenAI,8
1265,Others,9
4616,FM/LLM/GenAI for SE,9
6601,Others,9
6368,Others,9
1323,Others,9
382,SE for FM/LLM/GenAI,9
3336,Others,9
4705,Others,9
4364,FM/LLM/GenAI for SE,9
6655,Others,9
3979,SE for FM/LLM/GenAI,9
338,SE for FM/LLM/GenAI,9
43,SE for FM/LLM/GenAI,8
1084,FM/LLM/GenAI for SE,8
3376,Others,9
3475,Others,9
1259,SE for FM/LLM/GenAI,9
353,SE for FM/LLM/GenAI,8
4311,Others,9
6743,Others,9
4858,SE for FM/LLM/GenAI,8
6935,Others,9
4148,Others,9
564,Others,9
6407,Others,9
2679,Others,9
975,SE for FM/LLM/GenAI,8
2814,Others,9
153,SE for FM/LLM/GenAI,9
5608,Others,9
973,SE for FM/LLM/GenAI,8
2045,Others,9
3549,Others,9
4498,Others,9
6181,Others,9
420,Others,9
7026,Others,9
2115,SE for FM/LLM/GenAI,9
4548,Others,9
5441,Others,9
3838,Others,9
5705,Others,9
1798,Others,9
4172,Others,9
3076,Others,9
7114,Others,9
3090,Others,9
908,FM/LLM/GenAI for SE,8
4667,SE for FM/LLM/GenAI,8
3696,Others,9
4337,Others,9
2488,SE for FM/LLM/GenAI,9
744,SE for FM/LLM/GenAI,8
5224,SE for FM/LLM/GenAI,9
6205,Others,9
5352,Others,9
1064,SE for FM/LLM/GenAI,8
1106,SE for FM/LLM/GenAI,9
4589,Others,9
3332,Others,9
1623,Others,9
3286,Others,9
1753,Others,9
1587,FM/LLM/GenAI for SE,8
6678,Others,9
541,Others,9
2588,SE for FM/LLM/GenAI,8
4186,Others,9
1270,FM/LLM/GenAI for SE,8
3343,Others,9
2068,SE for FM/LLM/GenAI,9
1685,Others,9
2177,SE for FM/LLM/GenAI,8
6289,Others,9
3726,Others,9
5286,Others,9
3111,Others,9
6143,Others,9
514,Others,9
3263,SE for FM/LLM/GenAI,8
5067,Others,9
2879,Others,9
5780,Others,9
167,SE for FM/LLM/GenAI,9
3094,Others,9
1363,SE for FM/LLM/GenAI,9
1341,SE for FM/LLM/GenAI,9
1868,Others,8
2415,Others,9
322,FM/LLM/GenAI for SE,9
5170,SE for FM/LLM/GenAI,9
557,Others,9
6542,Others,9
2202,SE for FM/LLM/GenAI,9
135,SE for FM/LLM/GenAI,8
6875,Others,9
3818,Others,9
6191,Others,9
1379,SE for FM/LLM/GenAI,8
4967,SE for FM/LLM/GenAI,9
3440,Others,9
6928,Others,9
4583,Others,9
738,SE for FM/LLM/GenAI,8
3334,Others,9
777,FM/LLM/GenAI for SE,8
235,SE for FM/LLM/GenAI,8
4903,Others,9
7077,SE for FM/LLM/GenAI,8
5234,Others,9
2121,SE for FM/LLM/GenAI,8
5713,SE for FM/LLM/GenAI,8
6765,Others,9
4233,Others,10
1405,Others,9
210,SE for FM/LLM/GenAI,9
1808,SE for FM/LLM/GenAI,9
4092,Others,8
4502,Others,9
1728,Others,9
3215,Others,9
858,SE for FM/LLM/GenAI,8
4415,Others,9
3291,Others,9
3384,Others,9
2624,SE for FM/LLM/GenAI,9
6577,Others,9
6801,Others,9
593,Others,9
6780,Others,9
2848,Others,9
6903,Others,10
3678,SE for FM/LLM/GenAI,8
101,FM/LLM/GenAI for SE,8
1264,Others,8
2750,Others,9
491,SE for FM/LLM/GenAI,8
1352,SE for FM/LLM/GenAI,8
282,Others,9
2811,Others,9
6525,Others,9
3397,Others,9
1774,SE for FM/LLM/GenAI,8
143,SE for FM/LLM/GenAI,9
5126,SE for FM/LLM/GenAI,9
6670,Others,9
3337,Others,9
4456,Others,9
104,SE for FM/LLM/GenAI,9
1028,Others,9
3370,Others,9
6723,Others,9
708,SE for FM/LLM/GenAI,8
2924,Others,9
4986,SE for FM/LLM/GenAI,8
6835,Others,9
4450,Others,9
5845,SE for FM/LLM/GenAI,8
3712,Others,9
997,SE for FM/LLM/GenAI,8
6281,Others,9
4446,Others,9
2727,Others,9
3782,Others,9
6307,Others,9
2285,SE for FM/LLM/GenAI,8
6772,Others,9
6225,Others,9
3879,Others,9
6112,SE for FM/LLM/GenAI,8
814,Others,9
2024,Others,9
5954,Others,8
2240,FM/LLM/GenAI for SE,8
2739,Others,9
4046,Others,9
6312,Others,9
6142,Others,9
2764,Others,9
4772,Others,9
518,Others,9
1742,SE for FM/LLM/GenAI,8
6916,Others,9
4924,Others,9
849,SE for FM/LLM/GenAI,8
1712,Others,9
1982,SE for FM/LLM/GenAI,8
62,Others,9
1339,FM/LLM/GenAI for SE,9
2749,Others,9
2074,SE for FM/LLM/GenAI,8
5130,Others,9
866,FM/LLM/GenAI for SE,9
5779,Others,9
1211,Others,7
1150,SE for FM/LLM/GenAI,8
2525,Others,9
616,FM/LLM/GenAI for SE,9
4962,SE for FM/LLM/GenAI,9
3481,Others,9
5917,Others,9
2216,Others,9
5332,Others,9
2489,SE for FM/LLM/GenAI,9
216,SE for FM/LLM/GenAI,9
7023,SE for FM/LLM/GenAI,8
6245,SE for FM/LLM/GenAI,8
3885,Others,9
4840,SE for FM/LLM/GenAI,8
4765,Others,9
2985,Others,9
898,SE for FM/LLM/GenAI,9
6363,Others,9
4553,Others,9
161,Others,9
3416,Others,9
2360,SE for FM/LLM/GenAI,9
2215,SE for FM/LLM/GenAI,8
1710,Others,9
6706,Others,9
1177,SE for FM/LLM/GenAI,8
4470,SE for FM/LLM/GenAI,8
1328,SE for FM/LLM/GenAI,9
2018,SE for FM/LLM/GenAI,8
103,FM/LLM/GenAI for SE,8
2231,Others,9
4635,Others,9
347,FM/LLM/GenAI for SE,9
1580,Others,9
6326,Others,9
5704,Others,9
6219,Others,9
6494,SE for FM/LLM/GenAI,8
1758,SE for FM/LLM/GenAI,8
5448,Others,9
1027,SE for FM/LLM/GenAI,8
7008,Others,9
1738,Others,9
1681,Others,9
2897,Others,9
764,Others,9
3048,Others,9
3694,Others,9
3224,Others,9
228,Others,9
1629,Others,9
6295,Others,9
5703,Others,9
5660,Others,9
1419,FM/LLM/GenAI for SE,8
832,SE for FM/LLM/GenAI,8
4585,Others,9
5172,SE for FM/LLM/GenAI,8
6424,Others,9
701,SE for FM/LLM/GenAI,9
6468,Others,9
448,Others,8
5655,Others,9
2734,SE for FM/LLM/GenAI,8
4425,Others,9
4303,Others,9
6028,SE for FM/LLM/GenAI,9
6373,Others,9
1886,Others,9
5807,SE for FM/LLM/GenAI,8
7094,SE for FM/LLM/GenAI,9
4786,Others,9
4600,Others,9
1237,SE for FM/LLM/GenAI,8
6547,Others,9
6330,Others,9
4394,Others,9
1421,SE for FM/LLM/GenAI,8
5389,Others,9
919,SE for FM/LLM/GenAI,8
11,SE for FM/LLM/GenAI,8
515,SE for FM/LLM/GenAI,9
2625,SE for FM/LLM/GenAI,9
1320,FM/LLM/GenAI for SE,9
1611,SE for FM/LLM/GenAI,8
3319,Others,9
2707,SE for FM/LLM/GenAI,9
1740,SE for FM/LLM/GenAI,8
923,SE for FM/LLM/GenAI,9
6722,Others,10
1054,SE for FM/LLM/GenAI,8
3727,Others,9
6909,Others,10
3707,Others,9
7017,Others,10
4688,Others,9
5638,Others,9
5349,Others,9
4004,Others,9
2176,SE for FM/LLM/GenAI,8
6812,Others,10
1250,SE for FM/LLM/GenAI,8
2954,SE for FM/LLM/GenAI,8
7089,Others,9
3981,Others,9
68,SE for FM/LLM/GenAI,8
3519,Others,9
7061,Others,9
4021,Others,9
6798,Others,9
7080,SE for FM/LLM/GenAI,9
5544,FM/LLM/GenAI for SE,9
1558,Others,9
521,SE for FM/LLM/GenAI,8
1619,Others,9
1367,FM/LLM/GenAI for SE,9
6809,Others,9
3710,SE for FM/LLM/GenAI,9
810,SE for FM/LLM/GenAI,8
3937,Others,9
888,SE for FM/LLM/GenAI,9
6858,Others,9
1613,Others,10
1720,Others,9
1225,Others,9
1703,Others,9
875,FM/LLM/GenAI for SE,9
1412,Others,9
6571,Others,9
6280,Others,9
3621,SE for FM/LLM/GenAI,9
2170,Others,9
3605,Others,9
5209,Others,9
6389,Others,9
2351,SE for FM/LLM/GenAI,9
5455,Others,9
5718,Others,9
6158,SE for FM/LLM/GenAI,8
6444,FM/LLM/GenAI for SE,9
1799,Others,9
7056,SE for FM/LLM/GenAI,8
3557,Others,9
2647,SE for FM/LLM/GenAI,8
1147,FM/LLM/GenAI for SE,8
4202,Others,8
3154,Others,9
6138,Others,9
6713,Others,9
3901,Others,9
268,Others,9
5121,Others,9
4729,Others,9
5674,SE for FM/LLM/GenAI,8
5442,SE for FM/LLM/GenAI,8
3435,Others,9
2896,Others,9
2185,SE for FM/LLM/GenAI,8
2892,Others,9
1122,FM/LLM/GenAI for SE,8
1380,SE for FM/LLM/GenAI,9
6006,Others,9
856,Others,8
6199,Others,9
6603,Others,9
4672,SE for FM/LLM/GenAI,9
3450,Others,9
5545,FM/LLM/GenAI for SE,8
4185,Others,9
4681,SE for FM/LLM/GenAI,9
4768,Others,9
7096,SE for FM/LLM/GenAI,9
3122,Others,9
6918,Others,9
5298,Others,9
6278,SE for FM/LLM/GenAI,8
6919,Others,9
1100,SE for FM/LLM/GenAI,9
5322,FM/LLM/GenAI for SE,9
4535,Others,9
2579,SE for FM/LLM/GenAI,9
6789,Others,9
4463,Others,9
5431,SE for FM/LLM/GenAI,9
2678,Others,9
4219,Others,9
455,Others,9
6771,Others,9
772,FM/LLM/GenAI for SE,8
1645,Others,9
6209,Others,8
5065,Others,9
5791,Others,9
1184,Others,9
847,Others,9
6513,Others,9
4677,SE for FM/LLM/GenAI,8
3427,Others,9
3026,Others,9
6180,Others,9
5178,Others,9
6213,Others,9
4195,Others,9
6405,FM/LLM/GenAI for SE,9
7041,SE for FM/LLM/GenAI,8
2626,SE for FM/LLM/GenAI,8
6430,Others,9
3204,Others,9
3008,Others,9
5370,SE for FM/LLM/GenAI,9
5342,Others,9
5087,Others,9
3392,Others,9
4173,Others,9
5034,Others,9
2181,SE for FM/LLM/GenAI,9
1570,Others,9
2141,Others,9
6397,Others,9
5100,Others,9
2974,Others,9
130,SE for FM/LLM/GenAI,8
3271,Others,9
6964,Others,9
1765,Others,9
1552,Others,9
904,FM/LLM/GenAI for SE,8
3198,Others,9
337,FM/LLM/GenAI for SE,9
3620,Others,9
5706,Others,9
112,SE for FM/LLM/GenAI,8
3611,Others,9
421,Others,9
492,SE for FM/LLM/GenAI,9
3799,Others,9
5341,Others,9
3837,Others,9
3175,SE for FM/LLM/GenAI,9
2830,Others,9
1599,Others,9
3381,Others,9
19,SE for FM/LLM/GenAI,8
3533,Others,9
3894,Others,9
1026,FM/LLM/GenAI for SE,8
6129,SE for FM/LLM/GenAI,8
412,FM/LLM/GenAI for SE,8
5357,Others,9
4241,Others,9
4954,Others,9
1403,SE for FM/LLM/GenAI,9
7060,Others,9
2512,Others,9
1970,Others,9
4469,Others,9
5219,SE for FM/LLM/GenAI,8
4984,SE for FM/LLM/GenAI,9
520,Others,9
4951,Others,9
4963,Others,8
3896,SE for FM/LLM/GenAI,9
5585,Others,9
3214,Others,9
6531,SE for FM/LLM/GenAI,8
2883,Others,9
3918,Others,9
6937,Others,9
4664,FM/LLM/GenAI for SE,9
2503,Others,9
391,SE for FM/LLM/GenAI,8
2055,SE for FM/LLM/GenAI,9
1288,Others,9
6949,Others,10
2491,SE for FM/LLM/GenAI,9
4531,SE for FM/LLM/GenAI,9
2313,Others,9
1617,Others,9
3112,Others,9
5927,Others,9
2138,SE for FM/LLM/GenAI,8
3982,SE for FM/LLM/GenAI,9
6992,Others,9
6553,Others,8
5232,Others,9
6811,Others,10
6581,Others,9
190,SE for FM/LLM/GenAI,8
4913,FM/LLM/GenAI for SE,9
5445,Others,9
2942,Others,9
5432,SE for FM/LLM/GenAI,8
607,SE for FM/LLM/GenAI,9
1802,Others,9
3363,Others,9
6764,Others,9
3127,Others,9
5187,SE for FM/LLM/GenAI,8
6940,Others,9
1767,SE for FM/LLM/GenAI,8
2497,SE for FM/LLM/GenAI,8
4953,Others,9
5001,SE for FM/LLM/GenAI,8
726,Others,9
1008,Others,9
4782,SE for FM/LLM/GenAI,9
234,Others,9
1302,FM/LLM/GenAI for SE,8
4275,Others,9
2460,SE for FM/LLM/GenAI,8
1768,Others,9
3523,Others,9
6394,Others,9
4079,Others,9
5260,Others,9
343,Others,9
2878,Others,9
1375,SE for FM/LLM/GenAI,9
4322,Others,9
429,Others,9
20,SE for FM/LLM/GenAI,9
6917,Others,9
1480,Others,9
3518,Others,9
3742,Others,9
4009,FM/LLM/GenAI for SE,8
4094,Others,9
2331,Others,9
6778,Others,9
4700,SE for FM/LLM/GenAI,9
474,SE for FM/LLM/GenAI,8
4487,Others,9
3378,Others,9
3268,SE for FM/LLM/GenAI,9
3317,Others,9
3031,Others,9
4139,Others,9
260,Others,9
3352,Others,9
6149,FM/LLM/GenAI for SE,8
3900,Others,9
5340,Others,9
909,SE for FM/LLM/GenAI,9
2452,SE for FM/LLM/GenAI,9
2664,SE for FM/LLM/GenAI,8
6283,Others,9
1790,SE for FM/LLM/GenAI,8
1243,Others,9
6426,Others,9
4796,Others,9
7074,Others,9
1295,SE for FM/LLM/GenAI,8
6557,SE for FM/LLM/GenAI,9
6489,Others,9
1931,Others,8
830,FM/LLM/GenAI for SE,9
552,Others,9
1813,Others,9
2340,SE for FM/LLM/GenAI,9
1036,Others,9
5014,Others,9
2887,Others,9
5184,FM/LLM/GenAI for SE,9
4867,SE for FM/LLM/GenAI,8
6759,Others,9
2359,SE for FM/LLM/GenAI,8
5166,Others,9
5348,Others,9
872,FM/LLM/GenAI for SE,8
3082,Others,9
4989,Others,9
4833,Others,9
4166,Others,9
1642,Others,9
1894,Others,9
2929,Others,9
4254,Others,9
6398,Others,9
5923,Others,9
3473,Others,9
2232,SE for FM/LLM/GenAI,8
6116,Others,9
1303,SE for FM/LLM/GenAI,7
3976,Others,9
3578,Others,9
3471,Others,9
5599,Others,9
1186,Others,9
2794,Others,9
6976,Others,9
1581,Others,10
4422,Others,7
4904,Others,9
511,SE for FM/LLM/GenAI,9
2858,Others,9
4993,Others,9
6805,Others,9
6920,Others,9
1781,Others,9
3292,Others,9
196,SE for FM/LLM/GenAI,9
6432,Others,9
6331,SE for FM/LLM/GenAI,8
118,SE for FM/LLM/GenAI,8
482,SE for FM/LLM/GenAI,8
4607,Others,9
383,SE for FM/LLM/GenAI,9
6690,Others,9
4992,Others,9
3074,Others,9
5691,Others,9
1459,Others,9
6591,Others,9
3684,Others,9
1670,Others,9
3071,Others,9
6829,Others,10
580,Others,9
6790,Others,9
6322,Others,9
4288,SE for FM/LLM/GenAI,9
6413,Others,9
434,Others,8
6482,SE for FM/LLM/GenAI,7
6617,Others,9
5074,SE for FM/LLM/GenAI,9
364,FM/LLM/GenAI for SE,8
2199,Others,9
6183,Others,9
3547,SE for FM/LLM/GenAI,8
5679,Others,8
1222,Others,9
1070,SE for FM/LLM/GenAI,8
1063,SE for FM/LLM/GenAI,8
1918,SE for FM/LLM/GenAI,8
4214,Others,9
3816,Others,9
3780,Others,9
1872,SE for FM/LLM/GenAI,9
1219,FM/LLM/GenAI for SE,9
75,SE for FM/LLM/GenAI,9
4875,Others,9
2357,SE for FM/LLM/GenAI,8
6877,Others,9
3610,Others,9
2839,Others,9
2146,SE for FM/LLM/GenAI,9
386,SE for FM/LLM/GenAI,9
7062,Others,9
318,Others,9
5475,FM/LLM/GenAI for SE,9
992,SE for FM/LLM/GenAI,8
1487,Others,9
4678,SE for FM/LLM/GenAI,8
6953,Others,9
4653,Others,9
1381,SE for FM/LLM/GenAI,8
473,Others,9
181,SE for FM/LLM/GenAI,8
3341,Others,9
4942,SE for FM/LLM/GenAI,9
6314,Others,9
374,FM/LLM/GenAI for SE,8
3123,Others,9
5612,SE for FM/LLM/GenAI,8
5707,Others,9
4639,Others,9
2192,SE for FM/LLM/GenAI,8
3330,Others,9
6222,SE for FM/LLM/GenAI,8
3509,Others,9
728,Others,9
3627,Others,9
2631,SE for FM/LLM/GenAI,9
6381,Others,9
2808,Others,9
3134,Others,9
1347,Others,9
1279,SE for FM/LLM/GenAI,9
4552,Others,9
3012,Others,9
1743,SE for FM/LLM/GenAI,8
5099,Others,9
2919,Others,9
6249,FM/LLM/GenAI for SE,9
6881,Others,10
2947,SE for FM/LLM/GenAI,9
3022,Others,9
3872,Others,9
1465,SE for FM/LLM/GenAI,9
5255,Others,9
1125,Others,9
5726,Others,9
1030,Others,9
3801,Others,9
5587,Others,9
1483,Others,9
3209,Others,9
2063,SE for FM/LLM/GenAI,9
244,Others,9
6020,Others,9
1764,SE for FM/LLM/GenAI,9
788,SE for FM/LLM/GenAI,8
4482,Others,9
4802,SE for FM/LLM/GenAI,8
6697,Others,9
1002,SE for FM/LLM/GenAI,8
1319,Others,9
6318,Others,9
6462,Others,9
5983,Others,9
1200,SE for FM/LLM/GenAI,8
3929,Others,9
91,SE for FM/LLM/GenAI,8
6333,Others,9
4530,SE for FM/LLM/GenAI,8
5805,Others,9
5259,SE for FM/LLM/GenAI,8
6208,Others,9
1878,Others,9
6282,Others,9
6564,Others,9
384,SE for FM/LLM/GenAI,8
5031,Others,9
6783,Others,10
1579,Others,9
6380,FM/LLM/GenAI for SE,8
505,Others,9
3747,Others,9
3663,Others,9
1486,Others,9
3821,Others,9
5778,Others,8
982,Others,9
2075,Others,9
6721,Others,9
522,SE for FM/LLM/GenAI,8
5463,SE for FM/LLM/GenAI,8
2875,Others,9
2965,Others,9
169,SE for FM/LLM/GenAI,9
6503,Others,9
3294,Others,9
5052,SE for FM/LLM/GenAI,9
2674,SE for FM/LLM/GenAI,8
426,Others,9
3803,Others,9
2006,Others,9
4510,Others,9
5233,Others,9
4074,Others,9
956,Others,9
5064,Others,9
2711,Others,9
3297,Others,9
3447,Others,9
4244,Others,9
2153,Others,9
3652,Others,9
1750,FM/LLM/GenAI for SE,9
2117,SE for FM/LLM/GenAI,8
5022,Others,9
2731,Others,9
1110,SE for FM/LLM/GenAI,8
1181,SE for FM/LLM/GenAI,8
3809,Others,9
3600,SE for FM/LLM/GenAI,8
3584,Others,9
1060,SE for FM/LLM/GenAI,8
1473,SE for FM/LLM/GenAI,8
2338,Others,9
3935,Others,9
6117,SE for FM/LLM/GenAI,8
6740,Others,10
5736,Others,9
1807,Others,9
2611,Others,9
6691,SE for FM/LLM/GenAI,9
1563,Others,9
245,Others,9
3174,Others,9
7054,Others,9
1625,Others,10
1113,FM/LLM/GenAI for SE,8
312,Others,9
1299,FM/LLM/GenAI for SE,9
5668,FM/LLM/GenAI for SE,9
3024,Others,9
4486,Others,9
5804,Others,9
3280,Others,9
4524,Others,9
4594,Others,9
980,Others,9
6559,Others,9
4465,Others,9
1171,Others,9
1652,Others,8
893,SE for FM/LLM/GenAI,8
6125,Others,9
6454,Others,9
139,SE for FM/LLM/GenAI,8
5830,SE for FM/LLM/GenAI,8
840,SE for FM/LLM/GenAI,8
2821,SE for FM/LLM/GenAI,9
4713,Others,9
903,Others,9
4822,Others,9
6303,Others,9
4981,Others,9
4259,Others,9
6533,SE for FM/LLM/GenAI,8
3808,Others,9
609,FM/LLM/GenAI for SE,9
563,Others,9
4968,SE for FM/LLM/GenAI,9
6774,Others,9
3458,SE for FM/LLM/GenAI,8
1112,FM/LLM/GenAI for SE,8
2286,Others,9
5378,SE for FM/LLM/GenAI,8
3293,Others,9
6948,Others,9
3736,Others,9
1696,Others,9
1309,SE for FM/LLM/GenAI,8
4859,SE for FM/LLM/GenAI,9
2972,Others,9
1442,Others,9
2472,SE for FM/LLM/GenAI,8
3257,Others,9
6518,Others,9
4356,SE for FM/LLM/GenAI,8
5347,Others,9
5044,Others,9
2638,SE for FM/LLM/GenAI,8
372,Others,9
4351,Others,9
1871,SE for FM/LLM/GenAI,8
7042,SE for FM/LLM/GenAI,9
6865,Others,9
1432,Others,9
6274,Others,9
4065,Others,9
5899,SE for FM/LLM/GenAI,8
315,SE for FM/LLM/GenAI,8
6212,Others,9
529,Others,9
158,SE for FM/LLM/GenAI,8
344,FM/LLM/GenAI for SE,8
1633,Others,9
2139,Others,9
7115,Others,9
1744,SE for FM/LLM/GenAI,9
3857,FM/LLM/GenAI for SE,9
5719,Others,9
1926,SE for FM/LLM/GenAI,8
2051,SE for FM/LLM/GenAI,8
4715,Others,9
3025,Others,9
1003,Others,8
2916,Others,9
4372,Others,9
6467,Others,9
1777,Others,9
2688,Others,9
291,Others,9
2660,SE for FM/LLM/GenAI,9
3711,Others,9
325,SE for FM/LLM/GenAI,8
6241,Others,9
4108,Others,9
543,Others,9
5122,Others,9
2671,Others,9
988,Others,9
4739,SE for FM/LLM/GenAI,9
4447,Others,9
2254,SE for FM/LLM/GenAI,9
1056,SE for FM/LLM/GenAI,9
4829,Others,9
48,SE for FM/LLM/GenAI,8
2687,Others,9
1384,SE for FM/LLM/GenAI,9
5240,SE for FM/LLM/GenAI,9
1618,Others,9
1291,FM/LLM/GenAI for SE,9
6727,Others,9
3231,Others,9
4161,Others,9
4391,FM/LLM/GenAI for SE,9
1607,SE for FM/LLM/GenAI,8
3873,Others,9
3036,Others,9
1683,Others,9
5296,Others,9
6624,SE for FM/LLM/GenAI,8
507,Others,9
3307,Others,9
659,SE for FM/LLM/GenAI,9
3120,Others,9
6302,Others,9
3984,SE for FM/LLM/GenAI,9
2729,Others,9
6946,Others,9
2732,Others,9
896,FM/LLM/GenAI for SE,8
1424,Others,9
5244,Others,9
483,Others,9
4763,SE for FM/LLM/GenAI,8
1420,SE for FM/LLM/GenAI,8
4184,Others,9
2779,Others,9
1286,SE for FM/LLM/GenAI,9
319,FM/LLM/GenAI for SE,9
3040,Others,9
6061,Others,9
4912,Others,9
5473,Others,9
5241,FM/LLM/GenAI for SE,9
3147,Others,9
1055,Others,9
1471,SE for FM/LLM/GenAI,8
983,Others,9
5817,FM/LLM/GenAI for SE,9
3640,Others,9
694,FM/LLM/GenAI for SE,9
1907,Others,9
1821,Others,9
3767,SE for FM/LLM/GenAI,8
3520,Others,9
3776,Others,9
6493,Others,9
4278,Others,9
536,Others,9
6267,Others,9
581,Others,9
242,Others,9
5312,SE for FM/LLM/GenAI,8
6728,Others,9
3445,Others,9
892,Others,9
2533,SE for FM/LLM/GenAI,8
1796,Others,9
6275,SE for FM/LLM/GenAI,8
1433,Others,9
231,Others,9
5230,Others,9
6269,Others,9
2813,Others,9
1784,SE for FM/LLM/GenAI,8
2722,Others,9
238,Others,9
5469,FM/LLM/GenAI for SE,8
220,Others,9
3871,Others,9
3005,Others,10
845,SE for FM/LLM/GenAI,9
300,Others,9
4747,SE for FM/LLM/GenAI,8
1718,Others,9
6071,FM/LLM/GenAI for SE,8
